,label
211047,0
48327,0
101283,1
131443,0
68654,0
76950,1
6436,1
192586,0
79532,1
99942,0
155211,1
6991,1
219705,1
53962,0
119112,1
6371,1
56251,0
49440,0
165003,1
196046,1
45995,0
220428,0
77487,1
137697,0
75998,1
198068,1
6316,0
90015,0
221838,0
197484,1
145351,0
95958,0
44591,0
101657,1
95975,0
81263,1
196530,0
11531,1
13924,1
6032,1
68407,1
61915,1
65887,1
65440,1
24408,1
163121,1
145109,1
123425,0
205612,0
117848,0
199337,0
200674,0
200995,1
160068,1
185809,0
141588,1
73229,1
119377,0
223783,0
188623,0
24285,0
54521,0
18237,1
176977,0
3285,1
41145,0
160474,0
121575,1
156583,0
169014,0
226443,1
197503,0
29831,0
80887,1
230137,1
34983,1
90594,0
199412,0
37243,1
32905,1
205871,0
137327,0
230309,1
165115,1
142692,0
100716,0
67733,1
187924,0
21907,1
72146,1
73413,0
97356,0
118465,1
48386,1
61213,0
42425,1
110807,0
129638,0
8702,0
153018,1
165993,1
56564,1
116959,0
104393,0
112579,0
80118,0
34370,0
168874,0
28454,1
58400,0
131809,1
225268,0
210461,1
80708,1
175565,0
51194,0
9292,1
157452,1
66043,0
129309,1
106145,1
177381,1
116578,0
359,1
208060,1
49447,1
27673,0
11861,0
165531,0
96948,1
166571,1
42315,1
16789,0
170473,0
67416,1
64420,0
195404,1
168451,0
163099,1
183813,1
95814,1
186356,1
67723,0
70713,0
221545,0
116421,0
106137,1
69913,0
41217,1
151383,1
24358,1
148141,1
222433,0
116596,0
23866,0
104849,0
126504,0
214993,0
37915,1
103533,1
228874,0
172632,0
177291,1
163885,1
105757,1
224968,1
229579,0
41456,1
44755,0
189472,0
63978,0
105425,0
162421,0
47799,1
132548,0
164666,1
128449,0
23767,1
85968,0
209186,0
63784,0
184013,0
131912,0
205929,0
152760,0
83616,1
412,1
43316,0
144713,0
89708,0
118448,0
181652,1
193105,1
126921,1
181054,1
184006,0
24476,1
210839,1
227852,0
75945,1
203482,1
180810,1
76015,1
200863,1
184700,1
224212,1
83315,0
122058,0
35437,1
102739,1
49287,1
121904,1
166084,0
19815,0
83717,1
34344,0
61362,0
213155,1
160311,0
208477,1
209170,0
181776,1
61,1
171646,0
90563,1
55290,0
10390,1
214973,1
57622,1
49926,0
140670,1
216546,1
186099,0
156367,0
175162,1
66824,0
133933,0
42582,0
126748,1
6975,1
135301,1
86416,1
205369,1
86302,0
221247,1
225122,1
111679,1
194309,0
103228,0
73467,1
65805,0
88884,0
77133,1
187465,1
73033,1
18044,1
94936,1
126768,1
129117,1
12540,0
116184,1
33839,1
61539,1
42006,0
167699,1
166461,0
7274,0
11573,0
202649,1
29870,0
111466,0
181228,0
23691,1
76750,0
192959,1
162302,0
138336,0
122939,0
23727,1
145972,1
42236,1
44087,1
10791,0
150098,0
65246,1
149789,0
219271,0
220512,0
199758,1
195392,0
139776,0
29901,0
49683,1
157195,1
8501,0
129145,0
32460,0
84762,0
115346,1
12446,1
98423,1
227822,0
219424,0
118677,1
20093,0
165984,1
135137,1
41887,0
158013,1
109679,1
51581,0
118367,0
80010,1
102645,1
137941,0
164580,0
10917,1
174121,0
109439,1
54011,1
64929,0
153075,1
66481,1
158338,0
221286,0
187221,1
213666,0
174925,1
185823,0
130583,0
194797,0
186261,0
229626,0
28521,1
89598,0
59550,1
197916,1
129986,0
93456,1
191950,0
55095,1
109022,1
120082,0
133423,0
170244,1
207817,0
109799,1
139542,1
196050,1
123480,0
65137,1
133086,1
228837,0
126107,1
216972,1
193296,1
111066,1
41641,0
80943,1
12631,1
84188,1
40283,0
121854,0
80547,1
164331,1
6789,0
173185,0
17704,0
158293,0
121489,1
118005,0
73961,1
123904,1
77233,1
148357,1
188470,1
94856,1
70134,0
148853,0
109267,1
24240,0
5291,1
190922,1
184728,0
71086,0
81186,0
158250,0
90899,1
133269,1
163039,0
170676,1
22755,1
26724,0
90850,0
123310,0
117137,0
121140,0
230905,1
68563,0
64130,0
77296,0
183293,1
176958,1
113234,0
13348,0
135709,0
111530,1
212102,1
120440,1
214011,0
227624,1
58153,1
151510,1
59080,1
39272,0
161584,0
164904,1
208459,1
109502,1
103031,1
80145,1
110206,1
134189,0
75109,1
11189,0
97832,1
4374,1
71313,1
162430,0
170660,1
91756,0
135602,1
188589,1
218186,1
89346,0
31142,1
48403,0
199944,1
147541,0
96443,0
158938,1
13635,0
121590,1
21166,1
196311,1
157287,1
115822,0
90956,0
170290,0
89536,0
73966,1
114268,1
67371,1
161447,0
99193,0
6401,0
7883,1
138395,0
89715,1
157917,1
80921,1
168237,0
67516,1
181310,0
216569,1
62914,0
7786,0
217134,0
37123,1
35519,1
57914,0
87712,0
108214,0
186183,1
153173,0
198629,0
36649,0
74553,1
30282,1
78948,0
176686,1
180298,1
157293,1
178145,0
104268,0
155738,1
48170,1
192288,1
14702,1
128792,0
12711,1
222728,0
43104,1
217793,1
204004,0
77991,1
190630,0
91977,1
133735,0
111624,1
20940,1
93498,0
43530,1
186963,0
41953,1
74183,1
90578,1
208278,1
115153,0
10095,1
91105,0
160114,0
191295,1
68678,1
37437,0
133129,0
201211,1
89293,0
53152,0
148425,1
44084,0
165030,1
222825,0
56946,0
224933,0
103438,0
12878,0
167380,0
167518,1
113108,0
231159,0
6510,0
158701,0
229387,0
128581,0
59374,1
110653,1
216536,0
146539,1
36310,1
148703,0
221200,0
96306,1
48524,0
134337,0
93374,1
224998,1
37619,1
69324,0
69181,0
70655,0
185101,1
212780,0
16779,0
187413,1
39777,0
48090,1
5362,0
48904,0
19460,0
85505,0
194568,1
215638,1
148867,1
48520,0
141227,0
196468,0
218277,0
36684,1
105740,1
115521,1
140642,0
113733,1
20907,0
47335,1
176484,0
193896,1
144617,1
202966,1
117001,1
193428,0
19118,0
224287,1
103456,1
43756,0
214984,1
91447,0
196432,0
223825,0
197302,1
168267,0
138980,1
9735,1
78651,1
116371,0
39468,1
3547,0
224775,1
115455,1
70143,1
200066,1
83682,1
106326,1
198145,0
33684,1
121802,1
220279,1
153491,0
15993,0
74849,1
125994,1
34748,0
201328,1
164013,0
9316,1
163238,1
55560,0
59060,1
175908,0
154352,1
80957,1
31920,0
134252,0
116605,0
183575,1
40959,1
63050,0
191800,1
217499,0
43627,0
193247,1
89549,1
187172,0
202671,1
89677,1
130976,0
70891,1
8041,1
224592,1
24838,1
25001,1
37675,0
206281,0
23941,1
160526,1
116825,0
42627,0
9892,1
146257,0
2116,1
119277,1
70156,0
60223,0
48190,0
35745,1
107388,1
85466,0
174826,0
216598,1
2154,1
84005,1
78366,1
138839,0
95053,1
92054,0
132658,1
169854,0
45388,1
104412,1
225811,0
151839,0
169989,0
71431,0
53699,1
69728,1
57385,0
176395,0
11986,0
141651,1
64039,1
139550,1
200767,0
189570,0
117825,1
227597,0
224604,1
11115,1
29726,0
96869,0
173860,0
51396,1
124186,0
132532,1
38608,1
87054,1
109863,1
184520,1
74420,1
12130,0
107930,0
173033,1
147862,1
229322,1
159129,0
2987,0
155669,0
52538,1
136650,1
2314,0
201067,1
165051,0
146536,1
23484,1
1954,0
18386,0
211711,1
54776,1
150077,0
146455,1
132721,0
54309,0
81226,1
123281,0
178411,1
225126,0
152703,1
48569,0
182475,0
19150,1
207528,1
127745,1
95820,0
129405,1
97180,1
15005,1
110157,0
32884,1
124433,0
150634,1
13687,1
134895,1
132356,1
145886,1
173104,0
43336,1
45360,1
94922,1
189655,1
148295,1
110997,0
132668,1
209324,0
161966,0
210924,1
192770,0
127291,1
146509,1
194781,1
114210,1
17252,0
95093,1
66972,1
125978,0
22011,0
17872,1
129589,1
160188,1
181156,0
74678,1
215337,0
44553,1
61322,1
181797,0
32768,0
143595,0
12794,0
212979,1
70730,1
127550,0
190241,0
52109,1
216862,0
1519,1
147928,0
17595,1
184692,1
92410,0
72492,0
104406,1
132671,1
211467,0
39659,0
184357,0
29191,0
223114,1
103478,0
149923,0
7173,1
132145,0
231509,1
132605,1
90268,0
72550,0
32498,1
40544,1
70091,1
135245,0
159197,1
18120,1
121903,1
189937,0
46003,0
174259,1
80263,1
227699,1
168493,0
167577,1
207051,1
58240,1
165441,1
146519,0
13630,1
106540,1
218923,1
98346,1
68644,0
2559,1
151132,0
218183,0
188444,0
107807,1
180420,0
74112,1
45066,0
192474,0
85427,1
194232,1
159988,0
119199,1
229297,0
90194,0
105422,0
185759,0
14427,0
101955,0
149008,0
28031,1
218257,1
202031,0
223006,1
114879,1
202284,0
215093,1
103865,0
101637,1
52471,1
56739,1
48748,0
225347,1
104597,0
91034,1
8489,1
185171,0
70229,1
102209,0
197228,1
210773,1
172277,1
78367,0
98471,0
137073,0
14676,1
153918,0
92530,0
178611,1
207056,1
182291,0
218975,0
227602,1
115507,1
41002,0
167285,0
207006,0
82397,1
220642,1
126639,0
116121,0
168547,0
82875,0
23006,1
68843,1
225579,0
22077,1
92615,0
143559,1
8718,1
126135,0
151524,1
64789,0
51025,1
128647,0
229034,1
60593,1
63159,0
165325,1
195706,1
185492,0
13881,0
5405,1
195581,0
42170,0
152193,1
201303,0
124017,0
90425,0
81671,0
185666,0
217275,0
186856,0
72119,1
216896,1
54652,1
51946,0
178773,1
34011,1
209946,1
71441,1
176086,1
108092,1
84060,1
88373,1
180097,0
133005,0
44577,1
74722,1
64966,1
31688,1
73925,0
50202,0
83357,1
157852,1
202289,0
111505,0
182863,1
52544,1
139863,1
164277,1
87959,0
38133,0
88844,1
103874,0
123828,1
27213,1
58644,1
206462,0
214554,1
219800,0
152384,1
143021,0
75607,1
167180,0
148628,0
55011,1
116404,0
192996,1
151197,1
180573,1
213860,0
114255,0
212817,1
219453,1
73650,1
216894,1
228871,1
92199,1
38393,0
155057,1
19748,1
82795,1
66211,1
107006,0
61808,0
10508,1
182000,1
121939,0
143958,0
139103,0
173821,0
39417,0
226130,1
51258,0
65773,1
6565,1
192948,0
130043,1
118198,0
184258,1
173246,0
128784,0
5992,1
227956,0
228797,1
226814,1
152973,1
147092,1
9360,0
128527,0
172200,0
194828,0
102275,1
88469,0
108827,1
164569,0
164715,1
129894,0
227516,0
73962,0
127355,1
74761,0
103802,0
158439,1
96863,0
187060,1
182457,0
156954,0
192845,1
179769,1
206405,1
118696,0
50564,0
120892,0
126283,1
131313,1
124284,1
68082,0
100011,0
206388,0
101630,1
158020,1
45871,0
156713,0
117067,0
64954,1
149794,0
219415,1
131845,0
61627,0
172395,0
122108,0
178733,0
181192,1
163074,0
176523,0
75643,1
159457,0
108247,0
140496,1
30359,0
30097,0
141790,0
204523,1
47483,0
76872,1
67830,0
107574,1
38443,1
43994,0
171653,0
54235,1
15572,1
159171,1
186502,1
37190,1
196635,0
205045,1
93887,1
202053,1
111737,0
661,1
124954,1
201636,0
117153,0
135522,1
81806,1
200355,1
187653,0
86680,0
19428,1
222765,1
199372,0
187567,1
166341,1
23894,1
130524,0
110426,1
7964,0
199241,0
128440,0
98163,0
218909,1
192008,1
184595,0
5966,1
102829,1
123812,1
109278,1
54573,1
57658,0
185480,1
43381,0
121469,1
208063,0
143873,0
194180,0
221744,1
155994,0
79306,0
111287,0
221063,1
211374,1
156562,0
147233,0
14764,1
156550,1
143592,1
134373,1
86182,1
197537,0
45564,1
208193,0
63614,0
185999,0
110381,1
71303,0
166775,0
84678,0
176059,1
160700,1
18986,0
100935,1
73277,0
24916,1
101688,1
67905,0
34889,1
146541,1
162036,1
94579,0
208249,1
144644,1
119600,1
39787,0
37125,0
210721,1
146043,1
174459,0
146769,1
127996,0
918,0
139477,1
231810,0
122230,1
69782,0
28172,1
74361,0
101330,0
7307,1
230446,1
196947,0
31364,1
180640,1
162620,1
169543,0
47193,1
39315,1
44163,1
126030,1
199734,0
145802,1
12474,1
180311,1
50454,0
165925,1
191255,0
163639,0
194813,0
211439,1
164042,0
141357,1
180897,1
93636,0
119686,0
113845,0
124949,1
121378,0
4865,0
12855,0
46249,0
108270,0
146595,0
203654,1
67165,1
7825,1
178643,0
182853,1
1169,0
128148,1
210349,1
68105,0
27611,1
144662,1
154854,0
7109,1
50304,1
155760,0
212064,0
226240,0
102431,1
129203,1
126808,0
109352,0
224068,1
48331,0
173952,0
203705,0
30428,1
167536,0
110431,1
19664,0
159154,0
228383,0
68647,1
92523,0
158923,0
165594,1
88545,0
207760,1
135183,0
61733,1
190533,0
72974,1
100151,0
30822,0
196091,1
99019,1
204064,1
188955,0
190317,0
227404,0
87688,0
151305,0
65026,1
34947,1
138177,0
26504,0
191927,1
28925,0
188436,1
136848,1
220250,1
80620,1
52667,1
104673,0
13777,1
166460,1
121171,0
217231,1
78558,0
68379,1
92629,0
139106,1
63524,1
66835,0
56347,0
205555,0
132806,1
124982,1
226780,0
53146,1
72633,1
147203,1
138920,1
114461,1
41850,0
2094,1
200614,0
141761,1
192369,0
163783,1
149655,0
84653,0
49633,1
146894,0
1029,1
102012,1
185084,0
15700,0
9076,0
103596,0
209627,0
10422,0
192488,1
140032,1
61675,0
166368,0
126245,0
104637,0
216287,0
67833,0
9773,0
69388,0
213579,0
29091,0
168758,0
70917,0
89530,0
116348,1
36403,1
105206,1
215862,1
47767,0
33356,0
151418,0
118603,0
149443,1
87415,1
221857,1
122564,0
207593,0
34671,1
163159,1
34334,1
54692,0
49511,0
48169,0
1285,1
26912,0
122630,0
23097,0
166656,1
49467,0
229247,1
57383,0
154217,1
108649,0
125581,1
119614,0
53625,1
124785,0
71393,1
100975,1
126572,1
21811,0
13331,0
53805,1
137652,0
166908,1
122275,1
159338,0
34825,1
47320,1
52427,0
144161,1
143074,0
144779,1
26039,0
77482,1
18128,0
95054,0
20841,0
45612,1
114526,0
84971,1
70010,0
196810,1
146806,0
52041,1
61624,1
123209,0
73255,0
215770,1
104703,1
171689,1
69970,0
174263,1
126609,1
133797,1
106374,0
166077,0
173915,0
74079,1
72884,0
19451,0
199284,1
35442,0
42327,1
218710,1
198933,0
133645,0
98017,0
57084,1
133010,0
32572,0
145495,1
180032,1
187454,1
176353,1
222670,0
33945,0
166946,1
120859,1
125957,0
108550,0
85131,1
76352,0
113274,0
92393,1
13295,1
33970,1
26233,1
18955,0
28532,1
122741,0
216191,0
229201,1
209291,1
102251,1
76123,0
1207,1
3822,0
200553,0
208730,1
55609,0
223015,0
227560,0
192143,1
197015,0
222888,1
27828,1
181275,0
168242,1
126455,1
170678,0
42395,1
68881,1
176712,1
166832,0
161319,0
119365,1
89517,1
92978,0
47552,0
223691,0
206812,1
130299,0
85035,0
125144,0
127348,1
36471,0
9981,0
183341,1
153824,0
218162,0
33856,1
165292,1
26721,0
67762,1
213735,0
169713,0
87161,1
103239,1
170549,0
192282,0
134696,0
42569,1
21191,1
193423,0
182174,1
106285,1
64657,1
193504,0
73414,0
28547,1
64570,1
36989,1
222108,0
1475,1
158738,0
22042,0
98865,1
22086,1
59174,1
141377,0
73864,1
52699,0
129487,0
91003,1
174586,0
77328,1
147330,1
169175,0
139791,0
137216,1
108757,0
109318,0
130871,0
223900,1
116678,0
180693,0
172072,0
159326,1
113267,1
177210,0
217012,0
71676,1
184703,0
146745,1
70622,1
89008,1
211827,1
139836,0
231088,1
199133,0
32244,0
53764,0
40616,0
16519,0
101970,0
80413,0
214420,0
113204,0
221025,0
9682,0
19794,1
189134,1
183714,1
93227,1
217323,1
155435,0
223562,1
90821,0
2940,0
211613,1
32339,1
225367,0
137495,0
146801,1
118411,1
35163,0
139024,0
198845,0
228826,0
162449,1
68233,1
186838,1
56821,1
111535,1
195131,1
69789,0
204133,0
112371,1
39594,0
170432,0
125525,1
13522,0
164863,1
212743,0
205017,1
178657,1
16326,0
39331,0
144509,1
5175,0
106027,1
92587,0
25695,0
88680,0
123956,0
138026,1
27623,0
230398,0
228843,1
908,1
110879,0
127060,0
39978,0
71815,1
227015,0
86554,1
165937,1
5398,1
89745,1
125875,1
140148,0
138247,0
179881,0
42908,1
129514,1
230805,0
171135,0
191577,0
145627,1
52084,0
85885,0
92725,0
132253,1
108162,1
172752,0
182013,1
117081,1
187729,0
91961,1
222377,0
202037,1
4320,1
61970,1
152191,1
175414,1
214295,0
117633,1
8104,0
197785,1
96214,0
194338,0
60369,1
143697,1
168522,1
108598,0
230339,1
72527,1
94419,0
130782,0
197740,0
32239,0
206835,0
113370,1
81579,0
118111,0
100439,0
153632,1
79659,0
67692,1
121148,1
168597,1
70183,0
171120,0
208777,0
224960,0
100441,0
1999,1
11509,1
31200,1
143167,1
161931,0
64484,0
67648,0
64396,0
139845,0
68660,1
171309,0
160214,1
226313,1
537,1
119319,0
137579,1
148043,0
89664,0
117912,1
188528,1
230174,0
103191,0
106017,0
224148,1
166626,1
216029,0
52408,1
95416,0
206998,0
146337,1
223256,0
212569,0
230013,1
87596,0
96662,1
77124,1
76404,0
171932,0
30855,1
53907,0
103003,0
194375,1
66695,1
12182,1
10989,1
203453,0
218599,1
207516,1
173949,1
24292,1
158125,0
197679,1
104549,1
146376,0
200219,0
98674,0
139108,0
50019,1
112702,0
133724,1
5269,1
65902,0
48148,0
220515,1
48276,0
107889,0
180986,1
186855,0
19832,0
93246,1
152741,0
37017,0
19467,0
14496,1
180295,1
194404,0
41631,0
8494,0
154194,1
70643,0
112753,1
41892,1
11046,0
56416,1
58737,1
46682,0
93121,0
101994,0
178604,1
118130,0
114421,0
181739,1
88751,1
193940,0
148768,1
187275,0
97236,1
136432,0
143017,0
64913,0
135142,0
94994,0
188771,1
9268,1
170774,0
231819,1
117661,1
129440,0
20456,1
29179,0
206454,0
38742,0
216468,0
204904,1
134502,1
197102,1
176053,0
356,1
117589,1
91932,0
4737,0
217704,0
49539,1
194176,0
139821,0
91946,0
210197,0
211220,1
20253,1
222286,1
80403,1
18931,0
125054,1
73220,1
7143,0
156180,0
205404,1
126375,0
22887,1
29116,1
81604,1
143936,1
162117,1
194911,0
193792,0
116358,0
43811,0
119693,1
170489,0
74251,1
225180,1
133338,0
59713,1
181661,1
78643,1
38995,0
55090,0
34026,0
13550,0
127116,0
162868,0
71193,1
56344,0
164085,1
131658,0
93568,0
154782,1
189395,0
199988,0
33398,0
151713,0
16790,1
63546,1
214512,1
105775,1
23177,1
157605,1
23303,0
216099,1
12873,1
91222,1
116103,0
93435,1
42967,0
30422,1
17273,0
139957,1
45503,1
27057,0
30696,0
186364,1
92918,1
182868,0
160518,0
41682,1
43061,0
78336,0
218178,0
29783,0
119135,0
111574,1
56909,1
12638,0
100356,1
84754,1
110049,0
68659,0
78720,1
1763,1
74194,0
141229,1
45434,1
76124,0
220127,1
184866,1
101089,0
115561,1
43327,0
162424,1
129333,1
129601,1
31913,0
154959,0
207808,1
85228,1
180962,0
5426,0
228540,0
130807,0
146737,0
207775,0
203583,0
173313,1
209166,0
90605,0
207182,1
99712,0
119480,0
135633,0
219767,1
164413,0
179073,1
118854,0
46863,1
44555,1
201494,0
19583,1
57781,0
156864,1
88800,0
187088,0
166802,0
95776,0
175826,0
134798,1
73686,1
7717,1
133045,0
3876,1
160774,1
86173,0
223954,1
156542,0
108621,1
19402,0
199624,1
157714,1
53842,0
170309,1
60521,0
9036,0
119580,1
70104,1
112118,0
86034,0
31741,1
34467,0
218608,1
118830,0
21879,1
98091,1
199851,0
130050,1
168335,1
63984,0
151604,1
89144,1
193685,1
129432,0
144382,1
156352,0
146170,1
197263,0
23647,1
85523,0
137585,1
215247,1
145137,1
206986,1
154072,0
36625,0
203237,1
139113,1
163863,0
169205,0
36047,0
216555,0
217475,1
47978,1
61870,0
140617,1
150975,0
167366,1
110673,1
76355,0
124370,1
43696,1
171306,1
84719,1
208297,0
57629,0
201779,1
162755,1
214580,1
46086,1
144058,0
182531,1
207073,0
175412,0
115654,0
141688,0
6337,0
174854,1
63887,0
228685,0
65083,1
9608,0
219663,0
131797,1
81201,0
101359,0
169021,1
148846,1
4525,1
165372,1
61065,0
49542,1
109247,1
175063,1
40767,0
203539,0
135007,1
44237,0
212116,0
109180,0
121816,1
77561,1
54630,0
139387,1
87251,1
66798,1
212518,0
68483,1
153727,0
62781,1
228025,0
226650,0
191437,0
55769,0
54362,1
9301,0
31840,1
174337,1
32622,1
31023,0
155534,1
185756,1
206990,1
129040,1
228290,0
193155,1
89766,1
37887,1
95608,0
103331,0
150797,0
140580,0
172293,1
25140,1
122604,1
124241,0
96091,1
2628,0
54184,1
230196,1
56387,1
161250,1
170370,0
224863,0
156473,1
26744,1
155198,1
154710,1
74283,0
51506,0
72460,0
14905,1
131547,1
10185,1
36356,1
170239,0
201399,0
177319,0
54017,1
220414,0
10628,1
50340,0
227314,0
206105,1
79025,1
1932,0
51867,0
124883,0
40656,1
68866,1
42657,1
87915,0
223177,0
219867,1
110210,1
96472,1
137521,1
149526,1
72102,0
105712,0
47757,1
231894,1
162144,0
132454,0
187854,1
224736,0
34991,1
155618,0
22814,1
10036,1
85219,1
166451,1
123669,1
205220,0
67121,1
31902,0
223760,1
54065,1
201962,0
150497,1
106284,1
162514,0
214171,0
148818,1
177499,1
81214,0
86740,0
43072,0
39146,1
99376,1
118770,1
84925,1
129435,0
118488,1
157648,0
1600,1
158214,1
227372,0
53769,0
62008,0
94338,0
45356,1
155605,0
136390,0
136689,0
149699,0
6885,0
1515,0
6946,0
75978,1
19086,1
82937,1
149509,1
98804,1
196497,1
230830,1
30627,1
17564,1
175856,0
66400,0
24577,1
198502,0
118070,1
150972,0
132552,1
185821,0
103021,1
118642,1
109091,1
229546,1
205857,1
65084,0
226777,1
185325,1
61625,0
50516,0
209757,1
2483,1
75069,0
135348,0
35845,0
195433,1
176149,0
5736,1
194735,0
98185,0
115821,0
9468,0
49996,1
90149,1
83992,1
188546,1
5912,1
177931,0
23405,0
57011,1
51005,0
71968,0
208295,0
96622,0
220489,0
136919,0
25112,1
113146,1
30790,1
217620,0
137606,0
201155,0
217133,1
67750,1
169774,1
19606,1
78306,1
39935,1
171667,0
123623,0
67542,1
150695,1
112226,1
39045,1
27007,0
158700,1
68021,1
112338,0
210983,1
77106,1
192516,0
52098,1
1081,1
31185,0
4280,1
68840,0
53536,0
91643,0
156560,0
210743,0
39142,0
39877,0
159451,0
42576,1
40202,0
73378,0
149971,1
82912,0
112126,1
181786,0
207806,1
217219,0
124457,0
57895,0
19770,1
202707,0
164220,1
185911,1
52665,1
165366,0
131866,0
79667,1
181981,1
189084,1
55783,0
156581,1
25246,0
117811,1
95785,0
41791,0
186902,0
36143,0
172503,1
81654,1
204575,0
80512,1
89117,1
177783,0
71239,0
31528,0
114876,0
114038,0
45179,0
226994,1
178956,0
181604,0
170794,1
221968,0
220526,0
50377,1
90137,1
190463,1
126127,0
70368,1
44204,1
101024,1
4950,1
136169,1
134577,0
173148,0
35459,1
5023,1
183437,0
20828,0
115215,1
227734,0
71171,1
161064,1
24273,0
193055,0
227268,1
95105,1
190678,1
149431,1
68863,0
96725,0
65590,0
70495,1
204660,1
87757,1
110577,1
113042,1
50215,1
102260,1
123145,1
28176,0
187759,1
118585,0
38279,0
122395,0
122692,1
198818,1
228116,1
77021,1
1390,1
140839,0
18854,0
36766,1
198892,1
180350,1
184691,0
77750,0
43738,1
84791,0
162655,0
72150,1
186703,0
178694,1
85390,1
22031,0
75762,0
8567,0
187508,0
66064,0
172934,1
95231,1
188360,0
110046,1
84783,0
48425,1
158964,1
91400,1
122385,1
157276,0
155751,1
63487,1
38341,1
10197,1
91319,0
47257,1
174329,1
94765,0
182041,1
73625,1
36550,1
157067,1
7400,1
94399,1
28098,1
89590,0
58485,0
65910,0
129317,0
203557,0
177616,0
110427,1
28212,1
162207,1
133172,0
36767,1
152801,0
126330,1
47088,0
200179,1
105466,0
132270,0
196872,1
200482,1
182553,1
125760,0
17233,0
47771,1
223611,1
44206,1
138949,1
59347,0
50241,0
124432,1
117702,1
165914,0
224989,0
153243,0
1454,1
223375,1
35890,1
133256,1
41729,0
150446,0
59913,1
8100,0
125360,0
201309,0
206090,1
26127,1
29030,0
178664,0
219903,1
39689,1
112876,1
53089,0
165805,0
208840,1
112015,0
16570,1
178989,0
214043,0
31027,0
137953,0
159059,0
35861,0
156434,1
13242,0
57824,0
91255,0
170986,0
96002,0
219494,0
59696,1
132762,1
66348,0
116305,1
138811,1
27606,1
61551,1
200214,1
194168,0
167011,0
63704,1
59841,0
164969,0
123765,0
25470,1
141437,0
215533,0
196309,0
157827,1
99866,1
183019,0
19546,1
185308,0
196000,0
193170,0
42486,0
75685,0
181093,1
786,1
24084,1
209256,1
196313,0
17655,1
55925,0
101947,0
112067,0
198722,1
45370,1
220328,1
177059,1
139892,0
61613,0
213296,0
35626,0
132951,0
162759,1
75070,0
154712,0
77506,0
145138,1
166433,0
117689,1
172969,0
18324,0
230917,0
98672,1
15984,1
110727,1
213332,1
40886,1
225148,1
75909,1
69502,1
171998,1
196974,1
164405,0
107608,0
128719,1
159801,1
17107,0
107088,1
52015,1
91035,0
52160,1
221015,0
86651,1
66385,0
100089,1
51331,1
78410,0
59433,1
151051,0
62817,1
141235,0
138058,0
22758,0
220211,0
5103,0
172930,1
99765,1
46856,1
53580,1
225263,0
193680,1
172470,0
25783,1
141738,1
157985,0
112375,0
142286,0
30907,1
13146,0
135452,1
44363,1
96864,1
213522,1
65691,0
62373,0
136825,0
183763,1
133635,0
77416,1
221992,0
198718,1
17760,1
169641,1
221421,0
133377,1
63956,1
117590,0
196964,1
203721,1
17733,1
137104,0
118739,0
124025,1
15575,0
136850,1
130819,0
183727,0
154432,1
154484,1
215492,1
3356,0
129479,1
179686,0
95159,0
224656,0
37765,1
15331,0
8840,1
190374,0
139876,1
27398,1
26253,1
179428,0
88529,1
75054,0
56441,1
227874,1
148480,0
103712,0
57995,1
150530,0
164060,1
157233,0
160413,1
197646,0
224385,1
88299,1
169562,1
189617,1
220646,0
230371,0
113456,1
203108,0
214745,0
96559,0
127827,0
159052,1
205392,1
194310,0
231667,1
33636,1
168836,0
25415,1
111065,1
159903,1
139030,0
157288,0
61389,0
117455,0
95331,0
31885,0
3166,0
141793,1
223507,0
153535,0
105751,0
191602,1
116256,1
208337,1
166502,0
208125,1
62362,0
16998,1
204655,1
120970,0
133249,0
73207,0
2197,1
180076,0
114095,0
138359,0
13637,1
34031,1
231818,0
73470,0
111733,1
56532,1
56875,0
150665,0
19301,0
21041,1
57435,0
155263,1
113946,0
27977,0
46072,1
211753,0
184962,0
145691,0
32208,0
193172,0
117860,1
36576,0
99123,1
28448,1
81719,0
219459,0
216433,0
110906,0
131436,1
134289,0
152119,1
23389,0
131041,0
105218,0
205762,1
113520,1
147531,0
4220,0
18375,0
138136,1
213850,1
4055,0
159898,0
26715,0
183526,0
123712,1
40145,0
90376,1
191569,0
216242,1
156059,0
132783,1
63496,0
54537,0
65928,0
62947,1
52453,0
49565,1
99950,1
164026,0
38909,0
84637,0
83394,1
66823,0
64509,1
72589,1
160743,0
54938,0
197584,0
118235,0
76844,0
47701,0
96785,1
16700,1
230370,0
141706,0
7862,1
220939,1
202169,1
214760,1
103449,1
102057,1
44456,0
169458,1
97046,0
176864,0
157226,0
40101,1
230892,0
160033,0
48983,0
29478,1
97263,1
13034,1
14824,1
103354,1
149265,0
159751,1
48994,0
42642,1
83246,0
155180,0
217516,1
47039,0
125336,1
228202,0
169418,0
226950,1
187519,0
113734,0
22889,1
77225,1
192039,0
205216,0
175661,1
212937,1
175733,0
46095,0
113383,0
131067,1
55231,1
17665,0
55144,0
202123,1
126260,0
205604,1
38671,1
160086,1
88664,1
64740,1
56902,0
89233,0
139806,0
215266,1
186553,0
38604,1
224048,1
198042,1
91678,1
43911,1
4232,1
54611,0
47703,1
188098,1
42436,0
204657,0
163045,1
211410,0
108532,1
112092,1
6177,1
2158,1
230838,0
217394,1
141100,0
191105,1
149925,0
129573,1
59255,0
57703,0
185636,0
10224,0
20957,1
142406,1
709,0
9176,1
129604,0
230479,0
125702,1
8281,0
188365,1
171179,0
140236,1
104874,0
18007,0
89513,1
206490,0
44118,1
214771,1
91797,1
9656,1
129571,0
174326,0
215110,0
128216,1
69676,1
116096,0
156015,1
150493,1
37445,0
37682,1
32813,1
19712,0
87405,1
165621,0
140989,1
25734,0
101454,0
69190,1
29438,1
194774,1
13697,0
106834,0
53359,1
166516,1
109403,0
125735,1
207050,1
9058,1
166558,1
18828,1
88927,1
55706,0
51480,1
121440,0
155249,0
213150,1
149796,0
114039,0
74415,0
161860,0
3713,1
182851,0
77368,0
4588,1
154028,0
20842,1
48894,1
3405,1
671,0
72203,1
221738,0
181945,0
227052,1
180282,0
213195,1
120886,0
122758,1
163276,1
39007,0
165486,0
187140,0
91458,0
112856,1
230321,0
77856,0
47582,1
123049,0
147577,0
108938,0
80656,0
190686,1
86735,0
120455,1
174223,0
16217,1
169557,1
183291,0
80159,1
168103,1
159477,1
198716,1
121388,1
188617,1
59852,0
65263,1
123004,0
143272,0
79589,0
78222,1
231659,1
120055,0
108151,1
81015,1
221228,1
70043,0
64813,1
163413,0
104071,1
89093,0
79438,1
14794,0
113590,1
154502,0
180019,0
86004,0
150882,0
227744,1
187760,1
205764,0
143606,1
12211,0
187298,0
19727,1
103603,1
347,0
174673,0
199028,0
197956,1
183767,0
94667,0
145487,0
124676,1
30456,0
156753,0
51106,1
91852,1
79052,1
159987,0
73180,0
109841,1
182153,0
127120,0
954,1
214168,1
13440,0
65155,1
97240,1
87259,1
39184,1
52822,0
14228,1
5899,0
117326,0
71716,1
43063,1
35983,1
138015,1
79195,0
130280,0
101611,1
139054,1
46731,1
171921,0
222978,0
215096,1
158674,1
198437,1
156797,1
151007,1
22799,1
183730,1
56255,0
51357,1
184715,1
84185,1
172561,1
11699,1
208976,1
202010,0
180750,1
214895,0
182488,1
213951,0
193892,1
180018,1
20918,1
187266,1
49179,1
72465,0
68845,0
62931,1
4361,1
168637,1
26121,1
131462,0
207762,1
217943,1
35986,0
79092,1
16299,1
32308,1
187401,1
225110,0
75880,0
33149,0
223401,0
38773,1
200958,1
49641,0
125205,0
190309,0
146355,1
44650,1
47408,0
48056,0
202113,0
119029,0
120946,1
9577,1
153829,0
18370,1
175581,1
47905,0
18614,0
172202,1
1171,1
177886,0
192813,0
28472,0
172910,0
50046,1
198251,0
227348,1
206032,1
61931,1
132657,0
127174,0
193517,1
29997,0
152260,0
225796,0
93025,0
151835,0
61567,0
56976,1
49643,1
44931,0
87958,1
6295,0
11144,1
23265,1
16530,1
192638,1
43955,0
118359,1
123112,0
121866,1
172402,1
215081,0
96406,0
42401,0
138598,1
144248,1
35214,0
150046,0
13166,0
155898,0
40211,1
35541,0
180594,0
55129,1
227773,1
213441,1
181717,1
58870,1
151205,1
11307,1
156023,0
74574,1
102844,0
102828,0
196979,0
173643,1
12298,0
65631,1
171759,1
231906,0
58907,0
14889,1
127387,1
22968,1
183072,1
206480,1
122466,1
43042,0
124703,0
180706,1
104478,1
14821,1
88043,1
175872,0
215947,1
108680,1
25264,1
16671,0
45309,0
141548,1
222849,0
86822,0
44962,0
32750,0
201909,1
55321,1
42033,0
218848,1
18750,0
39640,0
120947,1
218264,0
6752,0
136900,0
182118,1
13460,0
69053,0
87011,1
225558,1
6221,0
93306,1
223319,0
28375,1
76,1
16161,1
26446,0
204984,1
130769,0
169740,0
116704,0
179949,1
231817,0
41630,0
8011,0
182164,0
6491,1
129029,1
40232,0
16499,0
126964,0
3479,0
123132,0
24580,1
50246,0
181534,1
83756,0
49811,1
35232,0
115291,1
209439,0
63449,0
137381,1
151356,1
202162,1
79326,1
45395,0
137335,0
231193,0
30059,1
207644,1
167459,0
160497,0
130473,0
67506,1
193320,0
59639,1
13834,1
18098,0
71246,1
204618,0
195853,0
142046,1
166188,1
28972,1
107877,1
213427,1
138638,1
105379,0
128777,0
203639,0
127129,0
94296,1
206981,0
152502,0
174889,0
71120,1
19391,1
141376,0
146414,1
17183,1
15942,1
32800,0
95357,1
179220,1
96150,1
15238,1
99948,0
148836,1
7568,1
52259,0
55087,1
174348,1
21477,0
24636,0
217843,0
29297,1
187809,1
124653,0
207270,0
68541,0
75465,1
89982,1
16860,0
220706,1
116320,0
20720,0
94124,0
204137,1
3289,1
220857,1
120706,1
65364,1
100454,0
148341,1
170710,1
99225,0
156400,1
11407,0
146784,1
208261,1
96593,1
89258,0
137843,0
213859,1
214024,0
194215,0
230202,0
215297,0
81826,0
6258,0
122580,0
181518,1
90556,1
199698,1
42324,0
77347,0
124172,0
165944,0
162513,0
156925,0
44191,0
13453,0
225625,1
221407,0
25161,1
10,1
164765,0
189024,1
206339,0
111404,0
173892,1
62622,0
111374,0
141264,1
207127,0
71657,1
43156,1
181618,1
116517,1
60530,1
159896,1
187872,0
188299,1
168971,0
198401,1
118795,0
48286,0
182702,0
35565,0
198657,1
86087,0
14275,0
82126,1
190606,0
106023,1
5788,0
148661,1
53552,0
18152,0
65179,1
160766,1
131789,1
131199,0
59443,1
59,1
158698,0
78576,0
44597,1
159547,1
39614,1
218269,0
230302,1
192756,0
68411,0
208271,0
71728,1
183614,0
129507,0
90799,1
132341,0
204358,1
3948,0
10336,1
205491,0
207519,0
21589,1
85855,0
14375,0
67370,1
87283,1
169684,0
18282,1
7854,1
95470,0
23774,0
20544,1
41538,1
183017,0
52513,0
85503,1
87761,0
83475,1
227080,1
34719,0
161542,0
55022,0
134631,0
9883,1
119239,0
111440,1
201284,0
8573,1
49808,0
90094,0
24644,1
24542,0
199837,0
67574,1
71812,1
180400,1
201523,1
214479,0
152655,0
986,1
17997,0
60044,1
113746,0
178859,1
184942,0
135930,1
52859,0
86920,1
114690,0
194286,1
189077,0
69288,0
71284,0
172552,1
51952,1
69824,1
322,0
213825,0
211807,1
80279,1
17170,1
112488,0
223229,1
140993,0
132840,0
110123,0
203653,1
81970,0
202972,1
168465,0
99440,1
79522,0
60115,0
132046,0
71509,0
125752,1
51052,0
170485,1
8591,0
167639,0
46960,1
120447,0
160991,0
215737,0
155706,0
33181,1
133629,0
45957,1
227601,1
98563,1
37317,1
215424,0
155011,1
20844,0
27588,0
140880,0
207699,1
120214,1
15589,0
7343,1
200886,1
47785,1
71219,1
5536,0
68753,1
2343,1
132813,1
198491,1
156858,1
126253,1
136786,0
190276,1
75023,1
43225,1
142540,0
228381,0
129169,0
27249,1
171486,0
83571,0
112885,1
186208,1
42434,0
217513,0
184820,1
127362,0
118542,1
203872,0
26770,1
179217,0
84601,0
39854,1
195528,0
78554,0
225363,1
16353,1
198759,1
119858,1
45145,1
179061,1
152680,0
189006,1
16855,0
196641,1
4794,1
103203,0
97160,0
140727,0
12916,0
185599,0
115453,1
113209,0
209321,1
118785,0
116327,0
80097,0
177829,0
5674,0
35126,1
76721,0
68153,1
217639,1
222289,1
216102,0
155585,0
214322,0
51286,1
107873,0
20578,1
185692,0
163349,0
96106,0
101054,1
111135,0
218916,1
89355,1
40091,0
117005,0
27174,1
110919,0
62425,0
64171,1
219065,0
145828,0
84572,0
101672,0
103505,0
98198,1
230299,0
214685,0
28304,0
116354,0
132099,1
115985,0
16939,0
126796,1
204278,1
168588,1
222360,0
159727,1
186494,1
37186,1
128344,1
184424,0
60548,1
172610,1
2416,1
462,1
7237,0
176536,0
32171,1
95258,0
139153,1
181844,1
39772,0
142124,1
208124,1
190600,1
48536,0
53920,1
20933,1
69227,0
123228,1
176249,0
12470,0
53108,0
141347,0
170144,1
161518,1
57638,0
28609,0
74037,0
226848,0
200625,1
157301,1
143163,1
22410,1
182708,1
152825,1
129577,1
94779,0
111680,0
83418,1
160264,1
60214,0
29190,1
134413,0
65633,1
30154,1
40155,1
74885,1
86597,0
162205,1
73487,1
84491,0
136109,0
92453,1
158378,0
92766,0
159693,1
155927,0
160381,1
182327,1
225072,0
205937,0
219080,0
175571,1
16832,1
14224,0
228790,0
95243,1
139428,1
153159,1
39810,0
21959,0
105062,1
52488,1
94806,0
59373,1
96991,0
196921,0
16055,1
78326,0
220595,0
81899,1
99185,0
102716,1
19787,1
87060,0
87274,0
19655,1
231401,0
7870,0
11838,1
162617,0
28041,1
20875,0
157317,0
207565,0
200261,1
173561,1
154239,0
207782,1
122922,0
39597,1
84172,1
195070,0
226934,1
34898,1
77317,1
221103,0
96979,0
60291,0
53352,0
88662,1
73825,0
86875,1
218196,1
116466,1
108791,0
192321,1
86958,1
116492,0
155985,1
41402,0
130913,1
208172,1
227846,1
225057,1
37739,1
157778,1
87926,0
28688,0
203947,0
214765,0
184852,0
87228,1
19050,1
141694,0
169244,0
110249,1
194692,0
132496,1
58632,1
19783,0
149082,0
35749,1
151338,0
21426,0
134007,1
4403,1
221242,0
211431,1
219891,0
33786,0
171828,1
231993,0
143907,1
79477,1
78819,1
55872,0
37545,0
93744,0
187852,0
230831,1
169073,1
25993,0
181483,1
155548,1
52036,1
120040,1
85506,0
151710,0
211487,1
207250,0
8939,1
202879,0
230827,1
77241,1
79387,0
176968,1
230620,1
43741,1
13387,0
126502,1
219581,0
81448,1
35896,0
188868,1
52399,1
51640,0
22873,1
186292,0
152574,1
36633,0
164370,1
172405,0
144949,0
17023,1
113981,0
88572,1
3268,0
144354,1
213722,1
33031,1
224263,0
217355,1
205603,1
6447,0
58934,0
133465,1
190200,1
38629,1
77012,0
59621,1
186331,0
18753,1
138383,1
59360,0
228533,0
174062,0
199776,0
147494,1
102139,1
50173,0
125398,1
79644,1
51945,0
109295,1
70646,1
167531,0
178752,1
91063,0
128014,0
43703,0
190205,1
62780,1
25968,1
179812,1
119561,1
191197,0
108839,1
208517,0
8788,0
59257,0
92921,1
200483,1
58254,1
149866,0
77522,1
139385,0
67720,0
97558,0
36461,0
28921,1
170825,1
216302,1
220681,0
89203,0
104806,1
209492,0
228687,1
204649,1
90204,0
216365,1
78769,0
101940,1
98406,1
185158,1
157883,1
184089,0
178760,1
137986,0
130674,0
49756,0
74433,1
176619,1
2425,0
229655,1
187402,1
176515,1
47554,1
66297,1
67040,1
24287,0
193660,0
213570,1
210581,0
129276,1
219529,0
117842,1
228886,0
37085,0
207721,0
129107,1
101248,0
209524,0
64284,1
124149,0
69573,0
158875,1
32195,0
74779,1
172521,0
96680,0
37525,0
170348,0
53242,0
92696,1
178684,1
82521,0
43571,1
134365,1
4987,1
1033,1
123824,0
87682,0
161368,0
152624,1
106839,0
150364,1
228716,0
184007,0
225243,1
165338,1
63751,1
62502,0
151458,1
68642,0
91635,0
1403,0
219180,1
130111,1
155879,1
155999,1
51538,1
98675,1
61080,0
152048,1
228950,0
20689,0
102315,0
207449,0
169728,1
227768,0
24581,1
166829,0
98562,0
107219,1
133482,1
102081,0
220043,1
126930,1
54457,0
175771,1
71249,0
81435,0
147011,0
121863,1
141302,1
138466,1
143817,1
158790,1
192535,0
26298,1
227541,0
214914,0
186031,1
108922,0
163674,0
98629,0
230698,0
222925,0
99805,1
170815,1
128790,1
34988,0
191894,1
142533,1
136315,0
179911,1
141952,1
198918,0
45106,0
126606,0
29763,0
196661,0
54742,1
39138,0
168570,0
112242,1
175419,0
214674,1
106605,0
216177,0
166195,0
144451,1
204888,0
104883,1
199620,0
207543,0
58256,1
153830,0
23645,1
230704,0
188991,0
22880,1
120089,0
37267,0
229093,0
93970,0
204861,0
39613,0
167128,0
90387,1
109706,0
216605,1
54264,1
182084,1
99499,0
204461,0
2526,1
197604,0
143752,0
95860,0
5231,0
190763,1
22176,1
117327,0
36802,1
13603,1
146834,0
177162,0
21004,0
203207,1
32513,1
99113,0
87188,0
47014,0
108741,0
128458,0
2507,0
38798,0
76358,1
57919,0
33526,0
174307,1
135932,0
125403,0
9457,1
182463,1
143020,1
59822,0
34241,1
67340,0
59589,0
203447,1
126666,1
33661,0
135065,0
140914,0
29160,1
92339,1
103896,0
64852,1
183193,0
140140,0
53256,0
45568,0
165136,1
68093,0
117090,1
68908,1
220637,0
214913,0
197420,0
65717,0
104645,1
97322,1
155428,1
225532,1
102156,1
186752,1
66573,1
163745,1
196191,0
87165,1
144321,0
138309,0
12542,0
183801,0
28771,0
12632,1
499,0
50284,0
118726,0
31264,1
186267,1
111577,0
50097,1
204271,0
230851,0
32829,1
155505,1
71128,1
207865,1
4285,0
155921,1
22750,0
19373,1
99470,0
161948,1
176192,0
67482,1
11542,0
141969,0
200194,0
133679,0
103633,1
129,0
185533,1
82903,0
75892,0
220953,0
29525,1
153654,1
140116,0
228608,0
146068,1
138876,1
156987,1
167811,1
151566,1
174067,1
92210,1
104305,0
169356,1
31531,1
29161,1
134270,1
147912,1
32388,1
225924,0
183176,1
143501,1
42375,0
4264,1
94628,1
199449,0
57602,0
216141,1
122575,1
148114,0
230818,0
18235,1
134638,0
62243,1
134122,0
132171,1
80314,0
170111,1
125391,0
6821,0
212568,1
114166,0
155041,1
2306,0
4943,1
74978,1
220827,1
71738,1
53445,0
137793,0
112421,1
177509,1
190923,0
182402,0
131179,1
17734,1
22583,0
190721,0
72681,0
131309,1
92356,0
67890,1
108380,0
105180,1
94359,0
231434,1
17790,0
57026,1
122941,1
173074,0
163147,0
90725,0
133452,1
23349,1
25282,1
38501,1
58606,1
199883,0
165069,0
231230,0
123523,0
103623,0
11925,1
104119,0
161373,0
192392,1
107717,0
187423,0
137590,1
163899,0
137568,0
109857,0
201856,1
71506,1
213130,1
59237,0
151218,0
133948,1
179548,0
34744,1
125103,1
41771,1
218970,0
141753,1
99434,1
150894,1
143515,1
59902,0
103929,0
123078,1
56110,0
210095,1
194749,0
230381,0
59605,0
195876,1
141855,0
75758,1
219152,1
156276,1
9591,0
49030,1
79457,1
224634,0
58209,0
77871,0
132415,1
199087,1
9205,0
52011,0
207257,0
142144,1
211130,1
111264,1
11201,0
43675,0
103852,1
47382,1
178158,0
38993,1
185589,0
105128,1
142100,0
223838,1
62637,0
201841,1
125335,1
65535,0
177553,0
59823,1
62943,1
121995,1
117866,1
40400,0
212220,0
137011,1
153049,0
231582,1
46100,0
10930,0
143551,0
145438,1
168204,1
142742,1
21535,1
79497,1
210227,1
57149,0
49959,0
211356,1
16479,1
18939,0
84665,1
108239,0
229587,1
202199,0
180110,1
169610,1
33692,1
31530,0
205322,1
67062,0
202678,1
178850,1
177285,1
2448,1
651,1
50512,1
61755,0
72714,1
32180,1
143088,0
227990,1
116873,0
215922,0
117038,1
25037,1
185800,0
84068,0
205250,0
77999,1
166982,1
15570,1
208464,0
178047,1
76156,0
46983,1
32853,1
218396,1
159961,1
154082,1
11391,1
131167,0
221529,0
97863,0
105456,1
120267,0
21760,0
177482,1
145207,0
23521,0
75025,0
166049,0
95072,1
186355,0
89971,0
155984,0
180969,0
12183,0
209852,1
222490,0
220732,1
23113,0
19616,1
224027,0
198187,0
166315,1
89,1
54475,1
211747,1
191443,0
166882,0
179855,1
212114,1
114752,0
13380,0
133333,1
87885,1
98012,0
218689,0
147894,1
21443,1
126226,0
177508,0
123872,1
195535,0
181130,0
181558,1
74043,0
143691,0
127124,0
73140,1
154503,0
159089,1
612,0
183070,1
196296,1
143880,1
167613,1
158523,1
100889,1
11457,0
118670,0
39660,1
3351,0
46851,0
33725,1
29279,0
83493,0
140686,1
221142,0
108347,1
7042,0
225748,0
209091,0
165909,1
29894,0
171810,1
78791,0
100568,1
188767,1
41645,1
5967,0
67491,1
70199,1
93430,1
113265,1
105612,1
63761,0
228675,1
47362,0
151949,1
174166,0
141070,0
29081,1
52194,1
36914,0
140325,1
37345,1
216814,0
227882,0
174730,1
142021,0
193373,1
61809,1
174260,0
180498,1
150147,1
194845,0
169219,0
217606,0
129866,0
231854,1
225839,1
108448,1
220129,0
123400,1
12866,0
203771,1
227969,0
46541,0
190986,1
108338,1
158893,1
23997,1
71030,1
189730,1
218749,1
82698,0
197212,1
93766,0
173128,1
200359,0
150782,0
81005,0
200443,1
17434,0
212790,0
50653,1
156950,1
29099,1
116551,0
19042,0
177353,1
32120,0
96071,0
90244,0
222677,1
225827,0
106090,1
169524,1
169229,1
71798,0
45380,1
24703,0
24884,1
74428,0
207849,1
62568,0
222381,0
47153,0
122027,0
157752,0
174480,1
46361,1
91505,1
26668,1
151945,1
207044,0
14964,1
16874,1
221664,0
127315,0
193950,0
170358,1
34960,0
138379,1
112912,1
111941,0
30881,0
164737,1
91230,0
39948,0
888,0
231654,0
91915,1
37390,0
202336,0
160745,1
195789,0
59725,1
28862,0
152897,1
16561,1
175940,0
161238,1
151506,0
173071,0
201988,1
24575,1
229543,0
174010,1
171047,0
156223,0
29878,0
103780,0
188714,1
109986,0
107645,1
25006,1
22389,1
145359,1
212148,0
57982,1
45614,1
225232,1
134549,0
51546,0
33405,0
92040,1
123940,1
198748,0
49761,1
21662,1
197829,1
173224,1
32485,1
66885,1
53358,0
115398,1
149263,1
43862,0
34905,1
138448,0
213062,0
153077,1
154853,0
222063,1
3138,1
228169,1
106682,0
26646,1
75512,1
198738,0
16857,0
40331,1
223333,0
188696,0
30650,0
66750,0
77540,1
107313,1
203846,1
186262,0
53021,0
49132,1
64124,1
22872,1
190257,1
170129,0
45716,0
86160,1
157122,1
186736,1
80702,1
95755,1
11636,1
141993,0
50341,0
49985,1
49655,0
677,1
150603,1
196330,0
181217,0
81286,0
118038,0
25466,1
79557,1
123899,0
176860,1
115725,0
220367,0
46219,0
10673,0
112570,0
145486,0
229299,1
211508,0
223733,1
183523,0
118852,1
190691,0
89627,1
62586,0
2296,0
204298,1
18424,1
146162,0
19637,1
60782,0
98102,1
129285,1
167922,0
56241,1
26238,1
132775,1
228163,1
213560,0
171676,0
14505,1
37014,0
113991,1
222180,0
152217,0
15070,1
65972,0
4001,1
39240,0
136354,1
68194,0
187339,1
153782,0
1761,1
102343,1
228972,0
210406,0
195291,0
85809,1
154715,0
65295,1
68918,1
185992,0
187661,1
141971,0
197277,1
124438,0
92364,1
22780,0
142245,1
22554,0
74136,0
43130,0
110316,1
37761,0
37481,0
188801,1
96798,1
205761,1
52256,0
22390,0
60271,1
176158,0
170168,1
61846,0
18577,0
134620,1
28289,0
170742,0
181746,1
75244,1
177065,1
214212,0
175011,1
166917,1
166122,1
188927,0
221715,1
114712,1
104094,0
131717,0
58191,1
89659,0
13691,0
179501,0
90826,1
62324,0
195736,0
197068,0
102085,0
150671,0
109401,1
164459,1
13577,0
23196,0
190096,0
61042,0
131500,1
157620,0
218121,0
156971,0
222178,1
203403,0
130349,0
77261,1
112365,1
102317,0
64581,0
195264,0
86950,0
161815,0
135336,0
11582,1
168067,1
115790,0
186051,1
112866,0
213916,0
168584,0
172830,1
137706,1
65498,0
227553,1
110567,1
193181,0
148815,0
56613,1
141709,0
161341,1
168490,1
34972,0
130751,1
223870,0
29226,0
200380,1
81082,1
54640,0
28364,0
176207,1
90062,0
208997,0
74211,0
14071,1
3746,1
39901,1
222345,1
145302,1
94366,0
60117,1
214591,1
203477,0
228234,1
86471,1
123988,1
161946,1
195893,1
66990,1
196420,0
101722,1
58486,0
15780,1
219126,0
52211,1
158427,0
13503,0
77250,0
34935,1
699,1
81026,1
25637,0
222496,1
112492,1
189017,1
40924,1
29094,1
151368,0
112465,1
76780,1
573,1
223793,0
80653,1
32570,1
117613,0
213656,1
205636,0
212645,1
9406,1
18966,1
209659,0
195445,0
170801,1
63970,1
13100,0
137589,1
22295,1
212852,1
99259,1
166616,1
166087,0
43835,1
58922,0
3346,1
53681,1
7652,0
64253,0
39166,0
161051,0
147367,0
198232,0
94890,1
219651,0
204999,0
164400,0
36380,1
218283,0
31498,0
38036,0
48990,0
177534,1
191761,0
83018,0
212194,0
12029,1
168315,1
5254,1
196102,1
121979,0
65724,0
153493,1
201382,0
205552,0
81701,1
20252,0
144268,0
67478,0
103747,1
217449,1
130643,0
30185,1
72400,0
76943,0
12992,1
2802,0
157019,1
117499,0
35522,1
142255,1
97770,1
141907,1
47134,1
115011,1
10282,0
78270,1
62347,0
87702,0
150240,0
203660,0
69449,0
100943,0
98280,0
1743,1
100580,0
108783,1
138707,0
170231,0
100554,0
30018,1
87837,1
217540,1
152627,1
65868,0
134187,0
173459,0
92871,0
17264,0
114276,0
141624,1
46374,1
171609,0
10372,0
27193,0
28039,0
50934,0
44232,1
8428,0
100254,0
123174,0
174858,1
172790,0
147601,1
196193,0
30679,1
228113,0
110613,1
81993,0
195719,0
180309,1
179939,1
24536,0
8563,1
18754,1
213443,1
145184,1
2567,1
23238,1
30078,1
8338,0
227825,0
24403,1
114278,0
86196,0
209527,1
145202,0
108603,0
144343,0
185456,0
157790,0
68181,1
155072,0
180245,0
73286,1
164956,1
192801,1
184667,1
222011,1
186670,0
92954,1
166881,1
151950,1
27411,0
209797,1
158140,0
212388,0
99520,1
9589,1
36319,1
164735,1
99404,1
74362,0
7666,1
21629,1
152933,1
178041,0
64278,1
97248,1
83940,0
206746,1
6751,1
139813,0
96590,0
195740,0
174554,1
39038,0
36346,1
15617,0
127799,0
145995,0
118161,1
231576,1
116107,1
217084,1
19821,1
131294,1
170699,0
230119,1
69422,0
27409,0
12469,0
117638,0
209310,0
46586,1
16896,1
167226,1
189373,1
214970,0
211235,1
155189,0
57248,0
164195,0
2014,0
79925,1
181434,0
165330,1
26944,1
37320,1
86405,1
184445,1
138535,1
84320,0
89911,0
138910,1
141008,0
167876,0
1429,1
85291,1
37097,1
229902,0
225360,1
158912,1
143858,1
179954,1
88601,0
24610,0
154057,0
189431,1
227203,1
44240,1
104538,0
182156,1
148875,0
112936,1
164801,1
112620,1
37850,0
38982,0
192890,1
98237,0
171423,0
208252,0
119201,1
119183,1
219911,1
148327,0
134873,1
207737,0
204501,0
186042,1
206064,0
11010,1
224697,1
89876,1
115533,0
155566,0
212123,0
147430,1
167266,1
157616,0
106500,0
79996,1
69862,1
109351,0
208702,0
56233,1
77835,1
73821,1
83945,0
3162,1
127553,1
206932,0
223924,0
28127,1
197795,0
77711,0
150403,0
127369,1
42262,1
113248,0
227004,0
902,0
214350,1
52497,1
33435,0
132431,1
130053,1
70152,0
1733,1
74036,1
125244,1
173402,1
46950,1
212214,1
209836,0
26066,0
80128,0
154010,1
179281,1
172419,0
164135,1
62227,1
196347,0
24849,1
168133,1
108834,0
155806,0
216205,0
145553,0
171068,1
25710,1
192532,0
169472,1
107771,0
76880,1
184859,1
172031,1
30969,0
132290,0
199307,1
81132,1
95638,0
143470,1
220408,1
83024,0
9613,1
130724,1
212606,0
32155,0
149339,1
67490,1
167841,1
1380,1
163179,1
90895,1
105162,0
115456,1
69891,0
59073,1
79272,1
215217,0
147417,1
165832,0
223350,1
28601,1
75543,1
201086,1
45012,0
51190,0
12991,1
111544,1
46986,0
166642,0
226027,1
109199,1
36722,1
119638,1
9243,0
143702,0
85875,0
195299,1
32597,1
132316,0
99842,1
218643,1
137851,1
91252,0
48418,1
15436,0
120271,1
162336,1
209258,1
123076,1
31476,1
12383,0
39513,0
203619,0
159894,0
151928,1
116407,0
68518,0
102269,0
143165,0
112632,1
202998,0
215256,0
23626,0
189762,0
8985,0
117167,1
85441,0
96395,1
166679,1
94043,1
211223,1
174610,0
14364,1
76392,0
2667,1
198,1
142844,1
195624,1
225995,1
19128,1
162086,1
33870,0
80951,1
225025,0
95757,0
129075,0
73209,0
179944,1
168000,1
115577,1
63682,0
173850,1
88257,1
179902,1
149046,1
69799,0
43240,1
74118,1
30789,0
151606,0
161320,1
68524,1
18454,1
136780,1
56173,1
105950,1
113464,1
21584,1
182320,0
119739,1
9779,0
204832,1
106765,0
226463,0
69137,1
182578,0
85015,0
37993,1
4419,1
40413,1
66156,1
177371,1
122880,0
176300,0
169658,1
6284,1
21099,0
162844,1
158868,1
54046,0
109696,0
128637,1
11829,0
219220,0
65215,1
211915,1
137420,1
49180,1
212751,1
227810,0
187414,0
120615,0
227220,1
230701,1
144780,0
97051,1
18757,1
206107,1
63860,0
105807,0
212122,1
29959,0
58447,0
228885,1
81986,0
45373,1
231618,1
16381,0
131071,0
157395,1
144205,0
184112,0
172529,0
145379,0
182322,1
103871,0
86764,1
45786,0
193522,0
163117,1
212094,1
123360,1
217265,1
47202,1
50318,1
60968,1
189131,1
123743,0
136304,0
189558,0
6564,0
82671,0
125126,0
12102,1
13923,0
221787,0
132179,0
226998,1
89768,1
63838,1
223383,1
186518,1
188876,0
229282,1
222607,0
169908,0
26314,0
208542,0
29632,1
54802,1
195870,1
65357,1
13063,1
116625,0
21574,1
196378,0
63443,0
19363,0
115484,1
7027,1
179842,0
98476,1
230086,0
81094,1
73579,0
40553,0
132857,0
210436,1
48778,0
121725,0
38966,0
98508,1
197525,1
76875,0
94362,0
107517,0
96086,0
205498,1
219144,1
208081,0
79623,1
44359,1
184123,1
54904,0
154704,1
210921,0
172289,1
193893,1
188467,0
208776,1
65745,0
107684,0
5976,1
137767,0
116555,0
193954,1
132197,0
74376,0
158286,0
220230,1
111021,0
78719,0
44561,1
226576,1
116952,0
183711,0
8990,0
201748,1
167411,1
2680,1
164867,0
122994,1
20104,0
209334,0
46470,1
35468,1
86401,1
197111,0
38115,1
55784,0
198234,1
118515,1
116023,1
181016,0
128223,1
76108,1
126324,1
47161,1
170806,1
64451,0
13572,0
150790,1
73728,0
45479,1
50050,0
156262,0
15521,0
70709,0
142055,1
85751,1
167753,1
92728,0
152519,1
121465,0
20066,1
95040,1
7607,0
231280,1
196840,1
30145,0
168921,1
71279,0
67278,0
169554,0
224962,1
167930,1
194606,0
174682,0
75736,0
65795,1
104613,1
222335,0
179494,0
61858,0
159769,0
106989,0
114269,0
163721,0
15396,1
127062,0
46956,0
62735,1
26901,1
36243,1
200551,0
175554,1
176640,0
146006,1
183561,0
117374,0
169427,0
187871,0
34718,0
3688,0
62250,1
8775,1
118262,1
143419,0
83604,0
122209,0
50032,0
134410,0
230826,1
203387,1
183447,1
78021,0
213453,1
200349,1
98181,1
210408,1
117914,1
225911,1
117072,0
67664,1
69866,1
146197,1
69078,1
217734,1
15531,0
8644,1
133246,0
178794,0
78419,1
215040,0
203324,0
152712,0
45334,0
97158,0
192763,1
61227,0
14790,0
40810,1
88523,0
177842,1
3860,1
68355,1
103016,0
207025,1
182905,1
219683,0
51322,1
47373,1
26665,1
93948,0
14866,1
155827,0
149958,1
94036,0
193771,0
44873,0
106511,0
76961,0
83400,0
71150,0
149733,0
207276,0
21087,0
61013,0
216183,0
52187,0
63773,0
194198,1
91926,1
57549,0
11546,1
133024,1
172922,0
154678,1
38527,0
58380,1
69121,1
172585,1
179517,1
168579,1
193844,0
226979,0
191304,1
226619,0
227770,1
167482,0
54052,0
158945,0
96129,1
87906,0
92360,0
14060,0
91098,1
120416,1
121946,0
102266,1
188149,1
98121,0
51432,1
173417,0
25756,0
155530,0
226877,1
98601,1
37260,1
139114,1
60616,0
154675,1
70973,0
92549,1
17946,0
51853,1
68433,0
147867,0
182504,1
138185,0
147656,0
115788,1
121310,0
186929,1
201304,0
6148,0
74782,1
150574,0
115499,0
182197,1
169868,0
141381,0
130331,1
216075,0
172127,1
83931,0
125425,0
57106,1
152276,1
208240,0
212200,0
161929,1
219539,0
180701,1
123324,0
145507,0
82205,0
109959,1
21587,0
52071,1
208833,0
193468,0
90691,1
228167,1
113996,1
71910,1
10167,0
174744,1
34270,0
223341,0
331,0
182554,1
135812,1
102456,1
44701,1
145499,1
21352,1
72757,1
87770,0
33087,0
172437,1
171851,0
214398,0
153214,0
108630,1
136130,0
162492,1
140070,0
180080,0
150343,1
229399,0
216502,1
168986,1
44056,0
24174,1
214673,1
120356,1
40205,1
143379,0
165789,0
33572,0
18142,0
145096,1
213819,1
119351,1
151036,1
224899,0
60476,0
64712,0
144043,0
172052,0
49886,0
210862,0
41910,0
218734,0
231279,1
57388,0
67106,1
109833,0
126078,1
150419,0
161837,0
215577,0
56228,0
19449,0
87354,1
117196,0
86426,0
76074,1
40378,1
29843,1
208324,0
128957,0
23122,0
185175,0
54804,1
201036,0
121021,1
83405,1
49610,1
137778,1
98765,1
106274,1
170124,1
43580,1
41773,0
219077,0
126913,1
63279,1
169814,1
194699,1
173753,1
144240,0
48508,1
62082,0
107112,0
171952,0
200811,1
16153,1
134852,1
83859,0
149673,0
64434,0
1941,0
182188,1
53923,1
159732,1
141253,1
67901,1
129024,1
67508,1
158636,0
152511,1
108445,1
161673,1
167206,1
37092,0
29177,0
1070,1
22146,1
44981,1
156811,0
126650,0
69641,0
230071,0
150852,0
97491,1
91364,0
100060,0
120680,0
178827,1
88429,1
2864,0
49445,1
68546,1
48098,1
87882,1
148259,1
113614,1
210205,0
203361,0
113103,1
45808,1
11610,1
441,1
105997,1
103026,1
193842,0
223380,1
41169,1
128791,0
42028,0
200347,1
12610,1
158144,1
158595,1
153513,1
55449,0
165816,1
219134,1
121641,1
48354,1
94364,0
139050,0
136019,0
14183,0
219099,1
135994,0
147052,1
164512,0
72196,1
16256,1
129236,1
91623,1
154132,0
164003,0
43196,0
198966,1
107838,1
76857,1
7828,0
38457,1
2261,0
55447,1
88009,0
97719,0
81909,0
45874,1
29324,1
72486,0
160215,0
39504,1
63810,1
142104,1
231850,1
160190,1
214536,0
75342,0
214147,0
192413,1
118758,0
137611,0
196064,1
200029,1
89934,0
205057,0
182993,0
27390,0
38157,1
129322,0
152146,1
133567,1
124851,0
81981,1
170429,0
48163,1
131881,1
221810,1
78505,1
93233,1
127269,1
15523,0
128337,0
66636,1
76989,1
6828,1
223200,1
40999,0
38345,1
186577,1
78454,0
58503,1
182947,1
10602,0
211629,0
221978,1
202721,1
42475,0
12429,0
21485,1
90284,0
29789,1
132556,0
213,1
73084,0
154716,1
6082,0
194978,0
212530,1
197670,0
141701,1
157005,1
83818,1
138915,1
162150,1
178602,0
223468,1
123887,1
81166,0
151577,0
102383,0
227571,0
11615,1
131099,0
156511,0
27268,0
72922,1
230907,0
189984,0
24384,0
149570,1
75517,1
105559,1
69560,0
157997,1
204552,1
194087,1
152420,0
79561,0
146681,1
31474,1
81855,1
162908,1
220622,0
125155,1
76760,1
160589,1
162382,1
124065,0
127834,0
90973,0
38838,1
167997,1
176199,1
174780,0
80196,1
46116,1
64055,1
96706,0
53240,1
218641,1
82322,0
94273,0
60745,0
70422,1
7330,0
182864,0
133475,1
140065,1
11785,0
51131,0
115940,0
50519,0
158142,1
196536,1
116198,1
1235,1
82813,0
200043,1
219138,0
17560,1
215348,1
187919,1
125783,0
195091,1
23189,0
3255,0
109768,0
129588,1
229457,0
21899,0
185974,0
183025,1
179373,1
231547,1
83043,0
103635,1
225781,1
133346,1
132514,0
230833,0
50518,1
152942,0
150787,0
228859,1
28748,1
62268,1
15654,0
20175,0
98220,1
150623,0
175074,0
22413,1
179480,1
191480,1
52819,0
209635,1
56120,1
3923,1
131627,1
127405,1
119102,1
41904,1
29332,1
97882,0
31194,0
159809,0
59952,0
166209,0
95401,0
191848,0
228781,0
101308,1
190373,0
103436,0
180815,0
192656,0
27467,1
203001,0
219358,0
55130,1
77510,1
127140,0
106879,1
35090,0
71894,1
131093,0
92253,1
49383,1
131608,0
71536,1
128001,1
194001,1
194178,0
17137,1
169592,1
185573,0
202808,0
159135,0
213509,1
1637,1
143217,1
225059,0
36811,0
160133,0
84515,1
223025,0
222645,0
161829,1
1058,1
66509,1
49791,0
45171,0
154152,1
47665,1
48481,0
193232,1
177483,0
145349,0
64999,0
151781,1
206417,0
201342,0
131033,1
158536,0
168727,1
4104,1
69266,0
79826,0
154616,0
154808,0
165658,0
90953,0
106153,1
108462,0
194937,0
207266,0
208483,0
48515,1
189589,0
51922,1
29827,1
144814,1
8502,1
90243,0
190942,1
225970,0
101594,1
16019,0
43163,1
100657,0
218895,0
218834,0
81438,1
44922,0
202204,1
140196,1
8669,0
39759,1
50902,1
95283,1
122283,0
197468,0
8046,1
36073,1
23132,0
184522,1
75341,0
187305,0
50061,1
199867,1
33953,1
143765,0
213310,1
80825,0
71756,1
30649,1
97915,0
196533,0
10207,0
122586,1
137260,1
87376,0
110032,1
101040,0
72577,1
126307,1
113841,0
143694,0
201690,0
56012,1
38129,1
72260,0
53328,1
94119,0
5433,1
81991,1
162850,1
197952,0
121062,1
83102,1
47986,1
52751,1
8519,1
127202,0
103337,1
30697,1
124536,0
35754,0
25821,1
211267,0
33234,1
33027,0
64758,0
42949,0
132261,0
42964,1
201258,1
205228,0
49836,1
225587,0
14217,1
196194,1
6540,1
119282,1
23517,1
209959,1
75894,1
227269,0
75574,0
149432,0
59164,0
207007,0
114929,1
202479,0
115696,1
159403,0
63342,1
110545,1
87108,1
87532,1
176114,0
112020,0
208738,0
36598,1
32088,0
39667,1
159530,1
196532,0
123806,1
100350,1
93720,1
42531,1
219469,1
68689,1
144671,1
127921,0
23599,1
191152,0
74854,0
24634,0
201750,0
61086,1
56754,0
53000,0
36910,0
146608,0
129621,1
90282,1
153671,0
225688,1
76625,0
76997,1
63005,1
63315,0
35284,0
41650,0
61681,0
231097,1
54848,1
119436,0
64324,1
147031,1
144029,0
143755,0
22592,0
55700,1
79082,0
96090,1
71890,1
108045,1
81973,0
140793,0
57584,1
222128,0
169223,1
105667,1
206307,1
132833,1
189014,1
186184,1
204658,0
216620,1
123946,0
124835,0
215049,1
196799,0
213045,0
163173,0
21437,0
154525,0
97847,0
66937,1
154454,0
209584,1
60106,0
48618,1
199551,1
72186,1
63798,1
96592,0
44716,1
15389,1
182211,1
174742,0
79373,0
6988,1
2877,1
194304,0
202891,1
151499,0
123581,0
5598,0
30331,0
214510,0
20955,0
138569,0
77248,0
187012,0
84445,1
63592,0
127863,1
133628,1
79134,0
26759,0
68525,0
203339,1
54722,1
80985,1
156444,1
7334,0
221232,1
91202,0
160854,0
54592,1
9249,0
49623,0
229212,0
10048,1
210307,1
64988,0
67081,0
156028,1
154458,0
111830,1
51599,1
181336,0
208932,0
45974,1
169617,1
4561,0
30208,1
113609,0
16693,0
44950,0
111685,1
208691,1
10022,1
96258,1
5834,0
74019,1
158027,0
104513,0
209687,1
1464,1
35378,0
120153,1
186731,0
125837,0
142219,0
85663,0
150013,0
194565,1
164992,0
103277,1
63024,0
104193,1
20047,1
50522,1
200883,0
22117,0
39404,0
211680,0
17823,1
216262,0
200149,1
51495,0
76629,0
39190,0
5604,0
177424,0
31306,0
49682,1
152508,0
88790,0
134979,1
103459,1
147104,0
16987,1
13764,1
143072,0
30809,0
124036,0
2506,1
150181,0
93284,0
54847,1
84949,0
53344,0
147726,0
136196,1
219942,0
81684,0
10351,1
206192,1
49671,1
85656,1
188471,0
97059,0
198853,1
117079,1
64677,0
22220,0
14829,0
47340,0
150429,1
9039,1
118631,1
226438,1
171498,0
189530,0
71605,0
112747,0
215745,1
208779,0
92699,1
38846,1
100200,0
165572,0
91207,0
217557,1
19456,1
27027,0
1361,1
45289,0
111254,0
201608,1
99563,0
100782,1
81165,1
46356,1
82939,0
95971,0
164594,0
4799,0
78277,0
32342,0
206308,1
95058,0
89678,1
172846,1
30932,0
155918,0
88104,1
76449,0
175231,0
5396,0
20483,0
94085,0
199326,1
201763,0
13410,1
6307,1
37214,1
207437,1
81621,1
111495,1
171775,1
151472,0
194998,0
24175,1
188993,1
45608,0
151658,0
16566,1
202080,0
136094,1
99915,1
174066,0
190169,0
129707,0
215390,1
167311,0
135104,0
152979,0
115167,0
118865,0
149913,0
66429,1
82294,1
85232,1
47381,0
105792,1
176828,1
138711,1
62601,1
195493,1
57787,1
37240,0
147115,0
212386,1
136462,1
131392,1
108485,0
144913,0
141637,1
82964,0
129346,1
86476,1
64790,0
100625,1
134941,0
35691,1
59922,1
155835,1
88074,1
50235,0
35946,0
77604,1
149486,1
47315,1
36315,0
230906,0
69387,1
54399,1
211600,1
34297,0
88392,0
46423,0
139543,1
197669,0
174142,0
92892,0
217887,1
139526,0
231629,0
86417,1
171297,0
111962,1
146572,0
163713,0
211671,1
125805,0
95613,0
56273,0
44908,1
193715,1
134745,0
11919,1
44709,1
146594,0
134256,1
60902,0
19530,0
129048,0
85843,0
118501,0
4709,0
38788,0
210728,1
120631,1
172221,0
91420,0
172297,1
224578,0
26376,1
155366,1
84407,0
9617,0
44890,1
105524,0
21716,0
12186,1
183607,1
112690,0
96660,1
19617,0
186747,0
11527,0
87061,1
180719,1
143780,0
200867,0
177336,0
49083,0
201464,1
121522,0
138743,0
196984,1
213609,0
35476,1
5803,0
193464,1
93501,0
218974,0
82288,0
84334,0
167041,1
152779,1
75617,0
162371,1
201282,1
44216,0
152635,1
78051,1
144508,0
90941,0
4849,0
34184,1
187596,0
213235,1
146359,1
16056,1
110705,0
207659,1
186916,1
48818,0
41413,0
129008,1
126278,0
112811,0
124947,0
158283,0
185660,0
126977,0
137650,1
60474,1
139590,0
56422,0
218246,0
12387,1
208607,0
193137,0
219964,0
166458,1
63789,0
193027,0
167227,0
54288,0
4142,1
196018,1
62856,0
31817,1
174955,1
141945,0
74149,1
221406,1
190710,1
76322,1
166106,1
175049,1
37673,1
133122,0
124755,0
38715,1
215245,0
109186,1
185722,0
127572,0
170243,1
141359,1
165216,1
30722,1
177847,1
227141,1
205623,1
62731,1
95940,1
132752,1
104188,1
226246,1
61514,1
190884,0
159389,0
56038,0
95256,0
58293,1
227416,1
222436,0
7843,1
60439,1
88698,0
149447,0
190375,0
173193,0
224840,1
76315,0
81253,0
47217,1
51240,0
101001,1
132026,0
13541,1
26484,1
106015,1
158036,0
99616,0
161981,1
125019,1
65747,1
208737,0
7360,0
78373,1
17206,1
167077,1
149126,0
147484,1
63201,1
171475,1
7625,0
226185,0
72580,0
224162,0
174724,0
111092,0
49720,1
215914,1
102399,0
115028,0
212757,0
109367,0
38945,0
45264,1
137827,1
15421,1
139408,1
84238,0
98517,1
189143,1
26588,0
202827,1
154238,1
23354,0
109926,0
161572,1
23934,1
129420,0
52794,1
106761,0
37934,1
190741,1
52433,0
211288,1
162133,0
106551,1
169054,0
5984,0
146459,1
39955,0
48780,1
70876,0
51104,0
108399,0
116430,1
6726,1
105360,1
134822,1
214888,1
162192,0
25916,1
143166,1
165859,0
187026,1
95131,0
30683,0
183937,1
112128,0
80139,1
3572,0
185886,0
228063,1
107164,0
102282,0
70500,0
57090,0
118776,0
114886,1
226421,0
14031,0
150450,0
10355,0
4721,0
67076,1
108936,0
229380,1
223387,1
162031,0
1082,1
161029,1
5295,0
49303,0
190139,0
86075,1
124642,0
191120,0
223183,0
85536,1
67811,1
137684,1
60278,1
84135,1
36017,1
62193,0
90835,1
113583,1
161901,0
169527,1
103462,1
114300,0
105589,0
86869,0
161626,1
120495,0
78103,1
37454,1
120444,1
58659,0
231727,1
23217,1
75267,1
160543,0
9341,0
175660,1
188744,1
91032,0
174716,0
34188,1
58875,0
100470,0
210990,0
84556,1
194522,1
12050,0
121328,1
154223,0
112237,1
29368,1
170629,0
103062,1
135284,1
173829,1
164353,0
145819,0
14942,1
120293,1
12207,0
133575,1
76697,1
187067,0
75096,0
100917,0
170970,0
110322,0
141964,0
21492,0
197858,0
49757,0
10330,1
222971,1
121389,0
150772,1
14586,1
226275,1
211568,0
34120,0
6247,1
116782,0
146723,1
144963,0
169109,0
18294,0
149744,0
38933,1
234,0
110395,0
65223,0
115850,0
41837,1
139562,1
129760,0
60614,1
187330,0
51981,1
87546,0
97881,0
113576,0
166053,0
162173,1
112392,1
61206,0
117489,0
98651,1
132452,0
37703,1
90872,0
168374,1
3008,0
178777,0
38141,1
164439,1
124683,0
196816,0
34560,0
40167,0
58101,1
204295,0
155138,1
71702,0
218289,0
192213,1
116411,1
11889,0
108749,0
160180,0
56491,0
82284,0
106434,1
198700,1
79144,0
65080,1
174802,0
108738,1
195246,1
129422,1
100349,0
86068,0
76976,0
80013,1
144653,1
191265,0
211859,1
159108,0
184998,1
95818,0
96670,0
64870,0
75891,1
34914,1
141184,1
132111,0
137477,1
113313,1
104747,1
78437,1
122999,0
188337,1
202156,0
18733,1
40284,1
118559,0
23168,1
150922,1
153817,1
95112,1
188909,0
228775,0
150881,1
192165,1
159119,0
223557,1
60897,1
193526,0
137515,1
184613,1
162738,1
229908,1
3797,0
70957,0
118996,1
29400,0
104437,0
167476,1
59401,1
58792,0
224832,0
48212,1
168394,0
187654,0
16486,1
168781,1
89099,0
39527,0
161278,0
56779,1
172188,1
64215,1
225075,0
75191,1
198053,0
59772,1
45246,0
98387,1
99659,1
181253,0
46417,0
222290,1
11308,1
149983,0
95298,0
210075,0
53149,0
201703,1
193640,1
51024,0
133979,1
136408,1
143855,1
221634,1
192155,0
125646,0
59291,0
31077,0
163194,0
73999,1
1681,0
1914,0
25913,1
151586,0
4263,0
164032,1
52936,0
215687,0
88328,0
31277,1
146033,0
89689,0
184594,1
49313,1
177538,0
169382,0
14563,1
228168,1
140766,1
152060,0
111523,0
182643,0
121129,0
110155,1
157848,1
166,0
225142,1
49887,0
225414,0
36847,1
23936,0
81447,0
161760,1
184298,0
55821,1
31556,0
208290,1
184704,1
72071,0
147505,0
86037,0
181538,0
16129,0
136517,0
106001,0
192071,1
146017,0
21844,1
97688,0
215032,0
82552,1
88807,1
172669,1
165647,1
116461,0
77925,1
57240,1
49730,1
3915,0
75651,0
131356,0
152931,1
193383,0
109563,1
22671,0
176445,0
17227,0
220934,1
150128,1
105836,0
206389,0
4663,0
130813,1
96861,1
171774,1
67701,1
204555,1
201302,0
75353,1
139261,0
141480,0
164145,0
151709,0
188486,1
120843,1
144764,1
8880,0
50175,1
50417,1
113912,1
1318,0
35493,1
69087,1
218951,1
31202,0
165491,0
26116,0
197518,0
137748,1
132087,1
230259,0
157722,0
45148,0
84118,0
117160,1
150693,0
40990,0
29853,1
171390,0
220175,1
108704,0
101531,1
155511,1
87672,0
163390,1
118284,1
220730,1
160016,1
21825,1
24325,1
129860,1
14160,0
109230,0
136461,0
201925,0
226729,1
63219,1
194995,0
173351,0
45243,1
39835,1
201393,0
197869,0
187220,0
165711,0
134573,1
107685,0
167081,0
119200,1
24386,0
203719,0
123312,1
14947,0
206198,1
41240,0
210784,0
178568,0
81338,1
47249,0
44537,0
8651,0
29627,0
183157,0
221003,0
188874,0
3725,0
192408,0
154039,1
177602,0
25720,0
135357,0
139560,1
57572,0
180497,0
136732,0
197838,0
213652,0
145005,1
133880,0
93013,0
170167,0
26991,0
101598,0
64551,1
69022,0
155252,1
30220,1
119856,1
21048,0
91181,0
205682,0
188111,0
62318,1
27294,1
31380,1
209143,0
70211,0
155721,0
71154,0
91205,1
95942,0
188352,0
169348,0
22088,0
196393,0
127128,1
213758,1
225431,0
88459,1
125485,0
106046,0
136797,1
194738,1
213320,0
29460,0
197495,1
130256,1
189591,1
28457,0
193202,0
50890,1
23001,0
26149,0
60312,1
208723,1
118732,0
42541,0
101795,0
220004,0
184205,1
74179,1
11534,0
225036,0
129984,0
85695,1
7901,0
44432,0
202556,0
95448,1
209970,1
38465,0
163455,1
115419,0
8835,0
107216,1
98819,1
178198,0
169677,0
96153,0
91087,1
186598,1
11731,1
77043,1
16890,0
43246,1
93325,1
45227,0
160325,1
49086,1
172396,0
163562,1
103690,1
228924,1
155787,0
214544,0
161129,0
166899,1
180371,0
66892,0
146534,0
172471,0
61240,1
148714,0
144368,1
125178,0
227364,1
114156,1
12701,1
83262,1
135118,0
39685,1
190531,0
75482,1
71493,1
105475,0
101083,0
43874,0
211276,0
15961,1
131690,0
81170,1
182612,1
208373,1
79906,1
163929,0
206415,1
176441,0
70819,0
39457,1
195139,1
115243,1
43020,0
90711,0
26343,0
144429,0
97700,1
64048,0
204374,1
105115,0
138230,1
131134,1
75613,1
123600,0
12203,1
162218,1
72104,0
210625,1
29157,1
5603,0
48265,0
136837,0
122186,1
138117,1
57575,0
191271,0
21040,0
50622,1
74115,1
183581,1
135254,0
141135,0
43729,0
53307,0
17037,1
37916,0
162415,1
108249,0
6737,1
123587,0
130649,0
142026,0
121144,0
155658,1
5314,0
137380,1
200378,1
108986,1
83123,1
21189,1
121655,1
198458,0
58714,0
120523,1
14007,1
226643,0
128605,0
100723,1
106607,1
133958,1
105163,1
53511,0
48790,0
193159,1
160231,1
133764,1
207929,1
158654,0
201984,0
30381,0
185066,1
177042,1
153478,0
192669,1
200011,1
183001,0
108439,1
226616,0
74437,0
195891,1
175040,1
227967,0
195882,0
193803,1
116074,1
43229,1
20027,1
208639,1
128525,1
195011,0
6676,1
52484,1
69342,0
136623,1
78363,0
206960,0
58909,0
27809,1
218785,0
213936,1
185144,0
197515,1
114151,1
152351,0
160755,0
185923,1
169671,0
66947,1
813,0
76272,1
87773,0
113692,1
90801,0
63636,1
152603,0
121162,1
117796,0
44729,1
91517,0
225786,1
231168,0
229778,0
205903,0
41074,1
222860,0
66997,1
1708,1
204567,1
154877,1
79158,1
102745,0
93649,1
197379,0
220383,1
100300,0
110089,0
18788,1
98818,0
90519,0
73399,0
189649,0
16736,1
184911,1
218630,1
153638,0
99308,0
24660,0
167258,1
38495,1
149190,1
102258,1
144487,1
119720,1
25459,0
220993,1
30741,0
124195,0
45286,0
1588,0
62803,1
61981,1
110689,1
158871,1
185841,0
40996,0
63327,1
44469,1
143048,1
83410,1
40395,0
182558,1
222206,1
76992,1
231792,0
19549,0
90774,1
136816,1
218297,1
55219,0
148470,1
35121,1
151005,1
137895,1
57542,1
176572,0
211360,0
192807,1
72655,1
182508,0
183215,1
63254,1
189210,0
37962,0
94363,0
98827,1
101455,0
201867,1
24788,0
110702,0
208405,0
88822,0
218379,0
201932,1
72817,1
150292,1
11292,0
190579,0
101826,1
149203,0
70114,1
24519,1
146636,1
123978,1
106971,1
87740,0
214595,0
91451,0
17516,0
124886,0
45950,0
221211,0
28108,0
133736,0
189035,1
161114,1
34959,1
224390,0
178864,0
97179,1
9781,0
206214,1
161364,1
49906,0
190529,1
229679,0
214397,0
9881,0
86992,0
78019,1
181355,0
228034,1
29166,0
176880,0
56399,0
60334,1
971,0
215796,1
55572,1
44146,1
190106,0
104212,0
131492,0
67919,1
151362,1
83054,0
157248,0
30668,1
137910,1
92482,0
81674,0
9187,0
18261,1
230519,1
140764,0
60906,1
34117,0
222859,0
219436,0
13883,1
172156,0
138112,0
228490,0
134129,1
203312,1
10679,0
100762,1
41832,1
160645,1
176239,1
227929,1
148496,1
153258,0
49402,0
42610,0
109779,0
106689,1
215785,1
190929,1
142160,0
176366,1
112846,0
197129,1
23869,1
61079,1
85685,0
175309,1
48998,0
117741,0
46916,0
136741,1
466,1
190207,0
46800,1
174384,0
209783,0
137292,1
23455,1
3412,1
134178,0
124000,0
222296,0
142200,0
10305,1
119700,0
163958,1
222833,0
45809,1
86162,0
160675,0
153883,0
31613,0
216332,0
207968,0
125764,0
144962,0
47604,1
206789,0
138940,0
144762,1
95852,0
22595,0
222935,1
204090,0
17290,1
127407,1
208314,0
3902,1
215882,0
110543,0
23362,1
115383,1
10507,0
191639,1
11745,0
15199,0
153955,1
132425,0
78067,0
27792,0
34806,0
99784,0
169283,0
126120,1
16888,0
168072,0
214489,0
112829,1
88107,0
67287,0
27385,0
94852,1
92427,0
48551,1
144319,1
227800,1
71835,0
197523,0
93098,1
99119,0
205062,0
70935,0
228186,0
183583,1
156121,1
179129,0
186816,0
188244,1
161986,0
117111,1
74074,1
85243,1
71042,1
70230,0
28685,1
192543,1
55293,0
85919,0
143503,0
53294,0
86094,1
79554,0
186714,1
189930,1
222928,0
138669,0
18096,0
196797,1
23094,1
116975,0
172831,0
104114,0
126218,0
212666,0
25168,1
172269,0
21147,1
148293,0
126080,0
142314,1
121581,1
206695,1
176570,0
180465,1
43647,0
199463,1
192599,1
126331,0
140323,0
734,0
80884,1
86200,0
129994,1
43461,0
231320,0
217483,0
97237,0
40801,1
63690,1
144594,1
150923,1
63493,1
72264,0
92506,0
57256,0
157496,1
85351,1
18579,0
47884,0
199126,1
210949,0
36966,1
59353,0
154140,1
60699,1
227,1
93997,0
181973,0
74573,0
65105,0
195759,1
210190,1
159450,0
106908,1
33338,1
199451,0
118165,1
219300,0
121593,1
93534,1
77312,0
164694,0
7003,1
143495,1
158099,1
41647,0
130145,0
215446,1
49635,0
104022,1
174257,0
69716,1
11724,1
81199,0
91361,1
224611,0
33521,1
68316,0
82608,1
45096,1
157216,1
95279,0
65057,1
169902,0
124316,0
90783,1
142375,0
25060,0
12857,0
66398,0
189842,1
44653,1
61141,1
87403,0
110835,0
172093,1
61192,1
80194,1
191169,1
110587,1
33512,0
90675,1
159500,1
122883,0
81259,1
163871,0
198616,1
50980,0
197383,1
127286,0
58928,0
16389,1
192509,1
40921,1
16196,0
163588,0
167317,1
73828,1
24113,0
160597,0
69360,0
204485,0
99615,0
198707,0
12412,1
10849,1
123217,0
204708,0
222714,0
125946,1
32934,0
120893,1
138665,1
31463,1
72872,0
42479,0
111061,1
91324,0
27762,0
118479,0
139871,0
84970,1
94136,0
150872,1
18435,0
191835,1
192837,0
126098,0
198249,0
2585,1
19607,0
124694,0
112302,1
190335,0
131069,1
115343,0
25827,0
194418,1
11833,0
173426,0
61837,1
94698,0
154395,1
30781,0
175445,0
160142,0
17184,0
164660,0
168702,0
23289,1
59839,0
197594,1
213981,1
101656,1
126251,1
95767,0
194747,1
142154,1
190956,1
103850,0
48978,1
49914,1
4717,0
199106,1
67909,1
26943,0
113977,0
201117,0
143912,1
155287,0
73461,1
138338,1
5557,0
70046,1
113023,1
31742,1
62705,0
188297,1
68276,1
100528,0
206823,0
59679,1
164505,0
224750,1
78403,0
144586,1
2525,1
158947,1
201365,0
89895,0
94515,1
31256,0
164824,1
122319,1
11310,1
126617,1
60639,0
74432,0
175025,1
8603,0
188616,0
124453,1
176013,0
2050,0
86254,0
221827,0
174850,1
176341,0
43126,0
98270,1
144010,1
62685,0
88341,1
223692,1
101739,0
185951,0
106696,0
122336,0
203833,1
36436,0
153003,1
150397,1
98879,1
87997,0
160071,1
107902,1
162426,1
189637,1
191247,1
25892,1
58472,0
1511,1
13710,1
91248,0
202546,0
41183,1
74154,1
148161,1
112184,0
148681,1
29824,1
149524,0
100502,0
86571,1
83623,1
136803,0
41235,0
26974,0
74502,1
107257,1
132772,1
182933,0
42981,1
12485,1
186295,1
110305,1
136518,1
122432,1
104949,1
161876,1
149748,0
43010,0
4437,0
141584,0
14605,1
20745,0
184503,1
32904,1
50754,1
185983,0
62205,1
156169,0
62015,0
11675,0
208789,1
209102,0
84899,1
98386,1
16471,0
4854,0
24539,0
115436,0
5063,0
201215,0
77396,0
150024,1
229568,0
172017,1
224368,0
153566,0
36222,1
9196,1
86272,1
53031,0
15795,1
186272,1
27599,1
8136,0
21015,0
183593,1
127441,1
130008,0
6013,1
18245,0
192380,1
20585,0
197553,1
62994,1
158879,1
148385,0
210858,1
60324,1
137533,1
90967,0
63867,1
112631,1
172941,0
226866,1
162365,1
228850,1
56183,1
96444,1
23949,0
153069,0
190624,0
67897,1
136071,1
107739,1
70179,0
187070,1
196944,1
195,1
195904,1
6682,0
52270,0
96158,1
72566,0
140591,1
209020,0
8712,0
24220,1
173506,1
95091,0
145028,0
218003,1
113498,0
38959,0
104950,1
179999,0
25697,0
72213,1
131626,1
105030,0
1395,1
13374,1
47838,0
41177,1
35708,1
2436,0
187560,1
191273,0
8390,0
71662,1
180332,0
126143,0
32223,0
153608,0
79820,0
38772,0
9860,1
168999,0
215962,1
37114,1
230655,0
95363,1
57508,0
27641,1
72235,1
46280,0
97295,1
225240,0
56604,0
182451,1
180523,1
97592,1
218308,0
25213,0
81714,1
119012,0
187421,1
154670,0
171190,1
230494,0
225741,0
24712,0
224802,0
156486,0
139360,1
28216,0
117517,1
101107,0
139331,0
93357,0
213877,1
150769,1
158578,0
224640,0
146334,1
96840,0
13297,1
124380,0
42931,0
204538,0
82575,1
196405,0
110974,0
75082,1
86375,1
112257,0
144337,0
127720,1
187728,1
154296,0
221878,0
90232,1
107839,0
222652,1
71320,0
89371,0
125938,0
180556,1
201828,1
216334,1
136679,0
220666,1
177904,0
178043,1
204925,0
206427,0
68003,1
125855,0
2838,1
55978,0
161544,0
74835,1
6289,1
208141,1
10991,0
190697,0
55749,0
86374,1
174028,1
187046,1
28864,1
35508,1
81735,1
210378,1
103163,1
13043,1
216754,1
15906,0
43412,0
154211,1
33820,1
90652,1
208899,0
42372,0
118491,1
132667,1
136344,0
103858,1
14597,1
136129,1
174007,1
159213,1
209042,1
45057,0
53783,1
34757,1
194567,0
150227,0
81906,1
113916,1
29909,1
146775,0
178399,1
93716,1
145459,0
168664,1
204871,1
72722,0
66061,0
204044,1
143333,1
154639,1
210324,1
61890,1
29097,1
144817,1
92444,1
106907,0
71159,0
9504,0
59493,0
156599,1
62253,1
27860,0
142919,0
97472,1
221052,0
56864,0
65372,1
152745,0
108597,1
195261,1
224884,0
41119,1
66273,0
151341,0
213940,1
68920,1
124695,0
78097,0
25891,1
41142,0
166187,1
79610,1
63671,0
160323,0
26648,1
33451,0
183517,1
121460,1
131135,1
218467,0
199685,0
128,1
65558,1
189671,1
201826,1
36750,1
206144,1
82727,0
183514,1
205545,1
118801,0
54587,0
205888,1
226761,1
68436,0
218540,1
179958,0
147374,1
116249,0
52798,0
11658,0
172656,0
88263,0
67772,0
62544,1
119235,0
197742,1
43536,0
35805,1
64678,1
165869,0
84809,1
98173,0
24412,0
68124,0
2471,1
38055,1
180451,0
202467,1
47360,0
140365,0
63012,0
158340,0
208436,0
171848,1
93138,0
40277,1
92693,0
167235,1
32277,1
174103,1
6700,0
110540,1
160634,0
214676,1
144751,1
134812,1
137543,0
87436,0
57597,1
193130,0
219087,1
51418,0
151897,0
209541,1
13607,1
17014,1
91925,1
207493,1
166436,0
19925,0
24605,0
88141,0
3555,0
77061,1
204216,1
34538,1
154351,0
80875,0
148829,1
133940,1
189678,0
62907,0
63513,1
160536,0
85,1
7887,1
68041,1
64431,1
170829,0
223108,0
61122,0
62487,0
204506,0
169375,1
216548,0
140920,1
37332,0
176644,0
36933,1
198299,0
68742,0
3646,1
112717,0
73353,1
157322,1
136874,0
83777,1
145849,0
290,0
26656,1
155124,1
84059,0
87982,1
17106,0
49097,0
170524,1
19235,1
70506,0
146753,0
65047,1
163726,0
168913,1
146389,1
3786,0
193238,1
104121,0
120195,0
5261,1
44386,0
146989,1
49009,1
183689,1
112147,1
216959,1
165706,1
197778,0
12941,1
215215,0
71340,0
2278,1
69313,1
124778,0
177217,0
21866,0
128726,0
213212,0
129412,1
64260,0
56767,1
3793,0
71674,1
110780,1
148613,1
18280,1
116564,1
150619,1
102841,0
182029,0
173846,1
123248,0
4184,1
222760,1
119259,0
171325,0
181274,0
5954,1
59064,0
223441,0
189893,1
114009,0
92167,1
219027,0
9872,1
101667,0
128886,1
105075,0
34758,0
201293,0
117922,1
183407,1
102552,0
134908,0
115138,0
1686,1
105323,0
135658,0
123818,1
103833,1
73045,1
115390,0
171410,0
36595,0
197837,1
67229,0
130487,0
43425,0
36518,0
229924,1
157089,0
224652,1
202201,0
11368,0
80630,1
223927,1
70397,0
122946,1
53097,0
152130,0
142968,0
52686,1
35595,1
165279,0
179829,1
201153,0
85411,1
199297,1
220561,1
25623,1
67632,0
139291,1
22208,0
99439,1
103808,0
9672,0
180108,1
174030,1
194270,0
221341,0
161977,1
221794,0
157003,1
96893,0
104255,0
38190,1
175892,0
151919,1
92417,0
109514,0
18965,1
207713,0
95744,0
154520,1
168975,0
75941,1
121145,1
25288,1
27744,0
118063,0
224388,0
40920,1
7476,0
40880,0
211068,1
95786,1
38248,1
225531,1
49291,0
134570,0
95662,0
62963,0
117918,0
59199,0
69464,0
221761,1
220298,1
174049,1
44522,0
120521,0
142815,0
77400,1
47501,1
11943,0
30784,1
149254,1
62474,1
66721,1
57110,0
40183,1
123807,1
107714,1
115920,0
28224,1
43371,0
206399,0
34985,0
175045,1
110252,1
186835,1
114978,0
88011,1
92237,0
121498,0
144626,0
94877,0
1259,0
207927,1
197522,0
202194,1
64077,0
24283,1
216774,1
140979,1
210794,0
64556,0
159418,1
109423,0
230451,1
70946,1
217375,0
131321,1
10682,0
45884,0
224799,0
221366,1
132370,1
177586,1
165256,1
128908,0
107348,0
7510,0
136580,1
134077,0
130371,0
116964,0
198427,0
210757,0
46585,1
180696,1
180166,0
179189,1
199334,1
8710,1
67843,0
12556,1
118587,0
214023,1
226449,0
73761,0
75888,0
149136,1
37423,0
186468,0
15208,0
201598,1
161418,0
213738,0
145422,1
66354,0
168022,1
224456,0
139068,0
22952,0
63826,1
213914,1
82476,1
186371,0
20793,1
210029,0
25736,1
167553,0
89647,1
117102,1
14670,1
74564,0
20562,0
92305,0
224617,0
31682,0
163614,0
222898,1
103027,0
195338,1
97749,1
108794,1
10417,0
89650,0
33244,1
123947,0
130530,1
167900,1
95220,1
53412,0
99182,1
57199,1
204864,1
110916,0
162217,1
101915,1
92359,0
65049,0
58007,1
11572,0
64340,0
141794,0
157907,0
57539,1
146268,1
195875,1
101933,1
86759,0
23099,0
102513,0
123707,1
143122,0
69215,0
205375,1
84573,1
37431,1
153023,1
85197,1
540,0
221492,0
41689,1
47709,0
187855,1
144958,0
59109,0
214620,0
6917,0
31344,1
77627,0
192184,1
165864,0
57570,1
179964,0
133341,1
33380,1
140164,0
49047,0
151687,0
45211,1
142992,0
48567,1
84052,0
206134,1
67008,0
84911,1
110371,1
88646,1
224156,1
220448,0
110642,1
101687,1
229847,1
99654,1
171096,0
206586,0
216460,0
229075,0
138854,1
139058,1
223413,1
114989,0
74656,1
161281,1
198430,1
136776,0
131854,1
185916,1
133035,0
226428,0
92778,1
21588,1
213772,0
79829,0
63933,0
101377,0
104147,1
93684,0
126116,1
221969,0
207848,1
38340,0
141469,1
213405,0
100378,1
43466,1
14309,1
76298,0
135480,1
9041,0
1942,1
19742,0
64623,0
200561,0
139183,1
123794,0
194059,1
146662,0
33217,0
40358,1
83050,0
164091,0
129913,1
172811,0
1372,0
87714,1
217246,0
132066,1
53239,1
29535,1
176477,1
164926,1
193272,0
5623,1
41901,1
46196,1
111968,0
153016,1
14494,1
55679,1
11704,0
31234,0
73770,0
214781,0
87016,1
151163,0
174222,1
138120,0
172473,1
15966,0
31881,0
208235,1
74561,0
126507,1
40513,1
228935,0
24640,1
111428,1
95635,1
4129,0
85080,1
532,1
118710,1
26899,1
199287,0
182728,0
154805,0
132922,1
96369,0
189664,1
152207,0
68971,0
167656,1
170850,1
75106,1
110412,0
20837,1
60663,0
143336,0
31021,1
101580,1
86108,0
127633,1
226017,1
113509,0
189438,0
185338,1
223600,0
1297,0
130460,0
195244,0
114026,1
983,0
130495,1
97087,1
6702,1
184302,0
199507,0
122713,1
85907,0
113656,0
134033,1
48523,1
59135,0
109479,0
129477,0
54590,1
30060,1
5353,1
141860,0
76503,0
189475,1
231460,1
138767,1
183570,0
174424,0
26857,0
55838,1
159384,0
80481,0
161314,0
163344,1
80946,0
52458,1
184167,1
230512,0
184143,0
3873,1
89074,0
121237,1
127344,1
77529,0
228620,0
196475,1
159005,1
160092,1
44412,0
172629,1
81682,0
25347,0
5315,1
58394,0
55513,0
144726,0
182636,1
20695,1
170542,1
65901,1
178257,1
222671,0
26658,0
174469,1
56759,1
149359,1
180381,1
200793,0
99802,0
182132,1
223646,1
70601,1
187071,1
223534,0
17750,0
174789,0
2960,0
80853,0
41239,1
39489,0
204229,1
185420,0
163077,0
124748,0
93981,1
52498,0
86914,1
78125,1
159552,0
112775,0
182809,0
48624,0
64946,1
201777,1
53329,0
201929,1
194682,0
151804,0
79465,0
198387,1
211042,1
196165,0
209785,1
174703,1
9059,0
59673,1
50410,0
28466,1
31275,0
155828,0
178575,1
13518,1
208311,0
182885,1
102523,1
216342,0
8440,1
151412,0
7373,0
178087,1
149853,1
227307,0
76537,0
50794,0
100505,0
18178,0
164483,0
49398,0
188602,0
212593,1
177383,1
218319,0
31353,1
75675,1
125082,0
86166,0
200455,1
112960,0
125491,1
159039,0
217485,0
160137,0
120994,1
128773,0
130898,0
226258,1
120885,0
75360,1
123630,1
9114,1
40689,0
155308,0
149291,0
119405,0
144496,1
49696,1
53456,1
110241,1
177760,1
50677,0
8929,0
119607,1
112596,0
145135,0
110473,1
176258,0
65739,0
55916,1
202369,0
162747,0
155920,0
108539,0
25778,0
131512,0
96136,1
166120,1
76107,0
23578,1
108691,0
192784,1
89716,1
15097,0
24474,0
187499,0
67199,1
8425,1
21134,1
120626,0
135300,1
34736,1
62451,0
203157,1
108255,0
12541,0
124980,1
110124,1
19100,1
94752,0
57783,0
206978,1
49370,0
117773,0
22660,1
213544,1
162971,1
50110,1
42204,0
208748,0
227901,1
114083,0
107404,1
138905,1
162153,0
6577,0
84219,0
144434,0
131892,1
71583,0
84992,1
159124,1
199270,1
213451,1
113338,0
74488,1
24518,0
153779,1
178275,0
108973,1
135678,1
140373,1
73624,0
135058,0
134927,0
19882,0
91835,0
97705,0
105542,1
7655,0
146916,0
165262,0
182276,1
70736,0
111724,1
22542,0
5932,1
100826,1
194654,1
40023,0
117435,1
9294,1
204841,1
70584,1
9685,0
150620,0
40193,1
81122,1
33561,0
200999,1
228013,1
207115,0
72310,1
110113,0
198769,0
34931,0
209993,0
145517,0
111048,1
64915,0
160824,1
93244,1
31563,0
91478,0
117359,1
15609,1
73274,1
95016,1
153400,0
179133,0
161110,1
56169,0
152777,0
97950,0
129232,1
2290,0
52531,0
41431,0
157700,0
30970,0
92411,0
23193,0
49257,1
11138,1
35689,0
23379,0
45418,0
3452,1
26442,1
79061,1
170281,0
209289,1
157326,1
124633,0
49476,0
139258,1
83335,1
152922,1
29357,0
175265,0
218271,0
37698,0
168432,1
198236,0
114360,1
47697,0
7906,0
30321,0
59339,1
29158,1
181599,0
11273,0
4107,0
169433,0
119796,1
163307,0
3453,1
140486,0
37620,0
20194,1
17605,0
6122,0
76035,1
104681,1
190941,1
160013,0
112762,1
83516,0
187403,1
184775,1
141908,0
148574,0
53085,0
185590,0
224595,0
160683,0
168032,1
166652,0
155494,1
102539,1
154936,0
193635,1
106018,0
41885,0
53497,0
121425,0
133568,0
60408,0
37189,0
29172,0
66575,1
16337,1
20507,0
187082,1
153539,1
128771,1
176724,1
118915,1
32203,1
23053,0
97412,0
205343,0
49963,0
162320,1
211702,1
220687,1
13308,0
148575,1
106739,1
100939,1
16542,0
149164,1
194874,0
78829,0
135969,1
109257,0
71162,1
116940,1
64730,1
163467,1
100358,0
75722,0
154981,0
169189,1
100393,0
10517,1
227085,1
214686,1
171504,1
104642,1
101056,0
168821,0
68199,0
210124,1
76535,0
17728,0
56884,0
79384,0
140469,0
63490,0
109870,1
77254,1
21467,1
2984,1
163839,1
47456,0
63741,0
94619,0
34878,0
90296,1
94032,0
156588,0
28852,0
43159,1
23056,1
35570,0
228174,0
187963,1
98441,1
82648,0
185477,0
228536,0
219443,0
157994,0
77249,1
107852,0
57036,0
44020,1
3499,1
133905,0
97756,0
56571,0
80795,0
159982,1
55323,1
188574,0
12927,0
35835,1
32456,1
74727,0
203004,0
120926,0
46724,1
190174,0
82179,1
194669,1
206481,0
230310,0
156152,1
83651,0
156742,1
177555,0
170922,0
97593,0
140305,0
14759,1
71294,1
26955,1
145840,1
179928,1
46172,1
135208,1
212301,1
108955,0
167399,0
231544,1
167300,1
193625,1
189356,0
144495,0
194540,1
190736,1
155309,0
34490,1
201388,1
71355,1
44442,0
187290,1
3165,0
151655,1
230040,0
74365,1
58389,0
163510,0
36954,1
19084,1
190679,0
205205,1
161997,1
22518,0
6144,1
94487,1
66222,0
61145,0
110750,1
34421,0
51840,1
70220,0
67114,0
183462,1
41255,0
9454,0
79570,0
106638,1
138308,1
27277,0
228147,0
113054,0
139252,0
65953,1
192728,0
226316,0
173374,0
231988,0
111000,0
58889,1
230777,0
203870,0
188129,0
13932,1
101984,0
12566,1
59426,0
202273,0
200695,1
219204,0
171673,0
92107,1
204829,1
225564,0
73998,1
114828,1
205836,1
142138,1
123354,0
67197,0
145538,1
188106,0
91438,0
194037,0
190899,1
112932,1
99814,0
193430,0
145472,1
184113,0
185547,1
111794,1
192952,1
8683,0
171555,1
45856,1
84483,1
100203,0
105806,1
169321,1
8822,1
123986,1
75982,1
79613,0
113340,0
4015,0
95647,0
154149,0
115590,1
226388,1
160935,1
170063,0
85639,1
150555,1
95584,0
175452,0
88403,1
175577,1
23680,1
82520,0
52151,1
24866,0
217055,0
225350,1
212363,1
187923,1
128977,0
63462,1
156507,0
216120,1
231321,1
101926,0
65914,1
187810,1
176265,0
19568,1
145895,1
111343,1
46360,1
83020,0
58550,0
21431,1
212319,1
7475,0
201295,1
198386,0
90196,1
197598,0
10056,1
50295,1
186851,1
69612,1
41422,0
111162,0
11950,1
21696,1
9694,0
36274,1
167137,0
2976,0
31030,1
68275,1
87488,0
230204,0
60297,0
124175,0
190359,1
48313,0
158326,0
79133,0
112248,0
18526,0
101296,1
132176,1
26044,0
15013,0
170246,0
22067,0
231486,1
34046,0
65106,0
71072,1
207527,0
82335,1
210497,1
218596,1
56632,0
72226,1
86468,0
118447,1
220796,0
201850,0
226928,0
113492,1
177427,1
130772,1
157968,0
101063,1
143245,1
17506,0
228463,1
148026,1
207609,1
1247,1
217758,0
136640,0
186094,1
231388,1
20314,1
177290,0
189710,1
210459,1
46690,1
49716,0
21514,1
211879,1
130786,0
133348,1
113584,1
67936,1
130429,0
228961,0
39846,0
117222,0
192934,1
172100,0
203150,1
217209,0
225910,1
85815,0
123500,0
57971,1
173492,1
132838,0
228159,1
32095,1
111077,1
55233,1
5182,0
133784,1
41556,0
24348,0
63064,0
69442,1
92799,0
230744,0
175507,1
6925,0
63688,1
163825,0
110706,0
168221,1
193922,0
3036,0
77902,0
219791,0
34455,1
229881,1
25798,0
159595,0
187926,1
55714,0
91628,0
79984,1
136740,1
90297,1
24588,1
72285,1
180559,0
6449,1
24851,1
64136,0
149334,0
98437,1
72176,1
104733,1
13403,0
155858,1
78239,0
6684,0
180389,0
179595,1
11712,0
24076,1
147600,0
206218,0
36362,0
104994,1
149814,0
90177,0
123625,1
231662,0
226885,1
155748,0
46680,0
228739,0
155815,1
156771,0
11459,0
18340,1
95362,1
156902,0
11923,0
34733,1
22255,0
165972,0
4157,0
81053,0
103058,1
110966,0
33965,1
125610,0
184371,1
209589,0
53279,1
129958,1
17254,1
167391,0
163915,1
107640,1
137737,1
196158,1
36620,0
77444,0
49335,1
9052,0
143392,0
102590,1
218008,0
72978,1
217009,1
175285,0
160024,0
28371,0
189488,0
47813,1
51890,1
36051,1
60811,1
132372,1
183563,0
200876,0
91680,0
103676,0
94556,0
25997,0
39862,0
156055,1
151133,0
25243,1
153480,0
36116,0
74683,1
25739,0
91197,1
22685,0
231037,1
150386,0
17443,0
132778,1
163974,0
133605,1
33444,1
76928,1
44918,1
177678,0
206983,1
160609,0
229817,1
40177,1
220474,0
89324,1
122237,1
38289,1
83121,0
56923,1
133901,1
165795,0
31145,0
229713,1
114034,0
159669,0
197225,1
47652,0
186066,1
203794,1
213994,1
58719,0
169160,1
47885,0
8336,1
170221,1
171731,0
23067,1
225591,1
196404,0
31020,0
90635,0
165369,0
138688,0
216159,1
106585,0
31736,1
137401,0
75214,1
81690,0
46090,0
146320,0
130892,1
203797,0
143983,0
213249,0
66428,1
19904,1
70670,0
66677,1
20053,1
93947,1
63016,1
210827,1
117574,0
158309,1
36276,0
214099,1
181144,0
4809,0
181083,0
110367,0
124601,1
152211,1
213648,1
195705,0
41384,1
195560,0
98795,0
72706,1
231682,0
74267,0
86232,1
78782,0
106164,0
173912,0
107649,0
141839,1
45794,1
128179,1
65208,1
209446,1
87368,0
90512,0
141984,1
6046,0
189439,0
111545,0
84085,0
5543,0
85893,1
147153,1
168028,0
198349,0
129602,0
189218,1
72012,1
9730,0
27107,1
136793,1
184468,0
24,0
76192,1
14278,0
191002,1
83238,1
140387,1
41045,1
160384,1
107810,1
131270,1
183247,1
62460,0
26515,0
198339,1
200903,1
95452,0
70728,1
109902,0
133501,0
209727,1
202995,1
122166,1
107850,1
153726,1
65684,0
159240,0
141824,0
69060,1
68584,1
2364,1
134891,1
24653,0
216968,1
212358,0
2575,0
226376,1
210129,0
128703,0
65011,1
196867,0
221365,1
63252,1
32110,0
136372,0
49096,1
66910,0
188627,0
91576,1
58422,1
25767,1
125598,0
201114,0
41824,0
179211,0
86538,1
160767,0
60953,0
17205,1
28691,0
33697,1
86114,0
111356,0
76496,0
161604,0
4332,0
157433,1
165315,1
4565,1
59737,0
70259,0
127601,0
215415,0
93722,0
178457,0
65485,0
164006,1
127992,0
49299,0
98747,0
132912,1
143950,0
26777,1
67177,0
121009,0
65339,0
101943,0
34986,0
44576,1
46691,0
6712,1
166820,1
35365,0
189566,1
21788,0
117394,1
41934,0
42839,1
153737,0
10896,1
88383,0
209773,0
155594,0
187709,0
154103,1
137205,1
80813,1
223142,0
117738,0
86189,0
95081,0
206369,1
35597,0
193150,0
220994,0
42097,1
219660,1
169165,0
80248,1
48580,1
168842,1
8798,1
18534,0
96218,1
65365,0
69122,1
51877,1
82706,1
152345,0
166639,0
135638,0
144106,0
151632,0
53396,1
102709,0
163366,0
144138,1
19411,0
151881,0
207013,1
206353,0
38335,1
26020,0
205823,1
210161,1
2524,0
1673,1
128183,1
195818,1
155098,1
105037,1
124526,1
96582,1
160590,0
227403,0
141380,1
150262,0
163283,0
198897,0
141710,1
155832,0
61750,0
30389,0
218580,0
11843,1
131338,1
169531,1
173159,0
150477,1
145952,0
144693,1
166249,0
215230,1
90829,1
122216,0
71235,1
67837,0
126560,0
38828,1
84436,1
138561,1
7767,1
225413,1
195594,0
37245,0
130075,1
161868,0
16663,0
214740,1
67974,0
80917,0
75881,1
79370,0
108088,1
47,0
71466,1
98884,1
161952,0
45110,1
153684,0
19596,0
96854,1
10519,0
184982,1
17765,1
129093,0
145571,0
27086,1
23308,1
153134,0
63917,1
127611,0
53308,1
168218,0
50150,1
191010,1
65686,1
216973,1
119689,1
193337,0
126716,1
213335,1
110143,1
116907,1
62349,1
18662,0
64528,0
227431,0
67183,1
214746,0
91365,0
165124,0
43313,1
170621,0
170255,0
64521,1
54059,0
55173,1
211633,0
111938,0
216462,0
67649,1
62032,1
42094,0
163667,0
18591,0
173966,1
119068,1
117524,0
215493,0
123104,0
176903,0
79728,0
55074,1
79915,0
196244,0
50704,1
202887,1
58352,1
164712,0
222416,1
149623,0
117623,0
50192,0
178328,0
36867,0
182583,0
210713,0
131522,0
18941,1
224391,1
21343,1
27685,0
59377,1
222007,1
103010,1
89334,1
100561,0
31307,0
162538,1
13758,0
132848,1
39361,0
184616,1
186385,1
206737,0
84103,0
121157,1
77845,1
177236,0
203487,0
11145,0
70125,1
67929,1
144856,0
44608,1
120285,0
197675,1
205378,0
170953,1
153646,1
191712,1
25134,0
67449,1
83327,0
159822,1
202813,0
205309,1
204211,1
125163,0
164961,1
178502,0
125328,1
90879,0
216703,0
165645,1
148597,1
175467,1
172797,0
149106,0
196090,0
226089,1
207940,0
143134,0
198544,1
116386,1
19038,1
155886,0
26047,0
188416,0
116164,0
121110,1
230511,1
196991,0
127402,0
52611,1
98584,1
149730,0
30849,1
220321,1
182094,1
133528,0
167940,0
156498,1
88784,0
122998,1
193260,1
154029,0
59773,1
32188,0
45851,1
25111,1
85365,0
29696,1
150189,0
156649,1
172638,0
148066,1
99670,1
15826,1
183750,0
80348,1
16006,0
185689,0
108374,1
166540,0
113974,1
183650,1
92176,0
50981,0
147373,1
73516,0
174091,0
97599,1
196284,0
219984,0
25417,1
13658,0
169063,0
218582,0
85394,1
59197,0
211897,1
203903,0
118602,1
37557,0
178354,0
165722,1
162196,0
207385,1
112985,0
93741,0
111823,0
200897,1
96326,1
158566,0
